group	target	annotated_icfg_sha256	run_relative_path
corpus	boxed_bool__df	9ee124f00239f3aaf200f0fc760ccea0bcfcc73fc6546d2ff2960601f6a30d5c	main/raw/boxed_bool__df/annotated_icfg_v2.json
corpus	boxed_bool__ml	7bd126fdbab486c07d808b83bc89497d8f4fabbad2e707e3a4ae343bd3057dae	main/raw/boxed_bool__ml/annotated_icfg_v2.json
corpus	boxed_bool__uaf	a20f87b1c971055de715b70a7b7c4535c60f766c3e871e348837f67b7d749c85	main/raw/boxed_bool__uaf/annotated_icfg_v2.json
corpus	boxed_char__df	484476ac9f9944fd5a767b8358ba2d8469ba6f92e54eb7bac1fccd7fd34cf239	main/raw/boxed_char__df/annotated_icfg_v2.json
corpus	boxed_char__ml	e719b0b9ed609499355f7730985d1a2bc8e2eab8f8802b4495fb790b0d7544e2	main/raw/boxed_char__ml/annotated_icfg_v2.json
corpus	boxed_char__uaf	5489d2c5209631b2b29ffc13aad2731a08ce3fdde6e4767211f654cf8ee5d03c	main/raw/boxed_char__uaf/annotated_icfg_v2.json
corpus	boxed_f32__df	f05bd0ed687ce47b5fd752692987063ff5d62b4d33dc17c7445766ec1865b148	main/raw/boxed_f32__df/annotated_icfg_v2.json
corpus	boxed_f32__ml	2c5ce3dbdc3e0f57af73aa67f40e3ae28cd8ec21a43e2d81589ec8c38742c0dc	main/raw/boxed_f32__ml/annotated_icfg_v2.json
corpus	boxed_f32__uaf	137251220798c3d888c662d04c9b2649ae1144245f9d7ac2489de3d03850d21a	main/raw/boxed_f32__uaf/annotated_icfg_v2.json
corpus	boxed_f64__df	b7812fea500b894c77038d999fcd466536902cd1084a9d06e29526aebd0d696d	main/raw/boxed_f64__df/annotated_icfg_v2.json
corpus	boxed_f64__ml	03781a7a75335b065faac6536c27004e8c23e7a5e4653987cc3ea466aa7e3009	main/raw/boxed_f64__ml/annotated_icfg_v2.json
corpus	boxed_f64__uaf	b78e73d404c4196035708ffac3d3e2ba97f9b132258968b61df52d580a0cc7c3	main/raw/boxed_f64__uaf/annotated_icfg_v2.json
corpus	boxed_i128__df	9266b80c2a5be7e8287082d4f5d12c1e445a618e48f25810e326d5a11af62221	main/raw/boxed_i128__df/annotated_icfg_v2.json
corpus	boxed_i128__ml	5429ab4f80e5cd21eb223205890a50ba80c2d202fdc872119fb271f220509cd4	main/raw/boxed_i128__ml/annotated_icfg_v2.json
corpus	boxed_i128__uaf	7c5cd9b92f88c1a72b083f59e770f73019bfa30e0ea149d076ce56833420c280	main/raw/boxed_i128__uaf/annotated_icfg_v2.json
corpus	boxed_i16__df	6e30f636c1e9f332dcb1622d994661ae96a1745745d3e45ae117eff41b12be6d	main/raw/boxed_i16__df/annotated_icfg_v2.json
corpus	boxed_i16__ml	85fcf5ef891065fe8df10a1743fd400a422844347cf705d26979d50b5a1cc608	main/raw/boxed_i16__ml/annotated_icfg_v2.json
corpus	boxed_i16__uaf	300becf33b436bea691366213385b2aadcf3d34e89c1c0a8f6d2bb9be7e50843	main/raw/boxed_i16__uaf/annotated_icfg_v2.json
corpus	boxed_i32__df	27268ee9c0e93060dcb52995312b5239d40d4462d4bcaf7840c30a25aee8c105	main/raw/boxed_i32__df/annotated_icfg_v2.json
corpus	boxed_i32__ml	9eae6242e12ae1e88cc0fce954825c2ea892ab4983919921672f28d2f61eba5a	main/raw/boxed_i32__ml/annotated_icfg_v2.json
corpus	boxed_i32__uaf	a916698c6b417d6344978568b0f5790e19f198fe0d387c63556a87e9fe1275aa	main/raw/boxed_i32__uaf/annotated_icfg_v2.json
corpus	boxed_i64__df	e2350bb4a1a11c89f92a7dc12c010b0ed0f15fe5145939367174df7739d9ee26	main/raw/boxed_i64__df/annotated_icfg_v2.json
corpus	boxed_i64__ml	c5fcb7ffe03535b97d3a4a8adb16c7abcf08532e98f1e191798b9a68a2cc47b2	main/raw/boxed_i64__ml/annotated_icfg_v2.json
corpus	boxed_i64__uaf	0fda112e7ec7533f5e1b2a923429ec25d1a38f2fed8730557220d46b6abe5f68	main/raw/boxed_i64__uaf/annotated_icfg_v2.json
corpus	boxed_i8__df	aa660fe04e4eec820fa2a8b099cef282bebe679e72b9d5e7c276e07eec893b8b	main/raw/boxed_i8__df/annotated_icfg_v2.json
corpus	boxed_i8__ml	9fd71cb54a30030e1000659e6514ff391ebd5d341d3a81c7729cfc92fc993abe	main/raw/boxed_i8__ml/annotated_icfg_v2.json
corpus	boxed_i8__uaf	1115e1e1fb6256eadbade47c56eb3c4271f8d444c88c7979ec302bda006787a5	main/raw/boxed_i8__uaf/annotated_icfg_v2.json
corpus	boxed_isize__df	645a4af4c00ef915bda1f6312d1701d03fa070a03691db7d5e11f5004526e35e	main/raw/boxed_isize__df/annotated_icfg_v2.json
corpus	boxed_isize__ml	9df7be50c51d045018ea1a0b534fe1d8edf787589349f437ec7140e9440db0a5	main/raw/boxed_isize__ml/annotated_icfg_v2.json
corpus	boxed_isize__uaf	8a16d3a0da37e0ceb9c4167ae58c1fb247cf0e02f6b6611f305cc06a5eb10e7a	main/raw/boxed_isize__uaf/annotated_icfg_v2.json
corpus	boxed_u128__df	a2bdc7a0785b04fbd4ff41f88df43e7808fe62f2800b0929bb53355d6070c4e3	main/raw/boxed_u128__df/annotated_icfg_v2.json
corpus	boxed_u128__ml	141176757c8b9d3c512516555ce7dbe2ec4a7687cc2a317439846df97c0aa31f	main/raw/boxed_u128__ml/annotated_icfg_v2.json
corpus	boxed_u128__uaf	80e2dc6deacc0314ae536718cd04c9ec758a20786a76b4690ebf460306d23f3c	main/raw/boxed_u128__uaf/annotated_icfg_v2.json
corpus	boxed_u16__df	458883ed97354234e37c63b9bd47558e96a72dd61488151861b993be2b3783cd	main/raw/boxed_u16__df/annotated_icfg_v2.json
corpus	boxed_u16__ml	b79d99e95b15c68ca6a8aee7adf670011904c3c6217ee8ba571be8aa3b95fc23	main/raw/boxed_u16__ml/annotated_icfg_v2.json
corpus	boxed_u16__uaf	e2cf5d55b2f1eab9a6acd222f3c6ae3525a0a7538244aa3426c316858e4e2868	main/raw/boxed_u16__uaf/annotated_icfg_v2.json
corpus	boxed_u32__df	6c7922348cc3262c3c05436bbafbbf3827d979b2a5b014f34c854ed34b60e651	main/raw/boxed_u32__df/annotated_icfg_v2.json
corpus	boxed_u32__ml	8f1cb33cbdabbfd603c4ac18745af47f7e437c4d354ee0647ec7cfc95ba8f7bc	main/raw/boxed_u32__ml/annotated_icfg_v2.json
corpus	boxed_u32__uaf	4f68be1adf42bc4e7c4b744bba59251938e13748c85d4ab9bc488a0e0e2219f8	main/raw/boxed_u32__uaf/annotated_icfg_v2.json
corpus	boxed_u64__df	96ef19b31de91fb278b21d95397f2399e37d89b43fd146ce00c356e1a0542f02	main/raw/boxed_u64__df/annotated_icfg_v2.json
corpus	boxed_u64__ml	c553ebf6b77b55f86e884658a33b8e84789c48855bfdc872cc5201b89b6dd19c	main/raw/boxed_u64__ml/annotated_icfg_v2.json
corpus	boxed_u64__uaf	9867748ee5132a506db1a5decd56370635b6d8287787d227b179775a06e37683	main/raw/boxed_u64__uaf/annotated_icfg_v2.json
corpus	boxed_u8__df	0ddb315b1ba6e6d4f069580295bae365b68afb5bd97c09c0b4549877e23f6512	main/raw/boxed_u8__df/annotated_icfg_v2.json
corpus	boxed_u8__ml	9c1cedb8a9440ba053e68d67fec38ebd8920ba94e39972ec226fd2fe6b7041a6	main/raw/boxed_u8__ml/annotated_icfg_v2.json
corpus	boxed_u8__uaf	0105139a4cf537d3c14c6e65195acef980036ca68151918bf51a1b0363c8f69e	main/raw/boxed_u8__uaf/annotated_icfg_v2.json
corpus	boxed_usize__df	d3cd33639bd8f9ca898326cd9e7b5bec4fe8a49452597156e33e3ee48c734d75	main/raw/boxed_usize__df/annotated_icfg_v2.json
corpus	boxed_usize__ml	e18f3e3d8a017639e756e565d5204264c80a75a784c463be0478742727318422	main/raw/boxed_usize__ml/annotated_icfg_v2.json
corpus	boxed_usize__uaf	ed62f8032ad5a592be7d3ea6abc65119cb45a9f6f41c8cc478d9b00edb001b81	main/raw/boxed_usize__uaf/annotated_icfg_v2.json
corpus	branch_df_mem_leak_ffi	4e0504966cd62c62aba24a409ee246d7828341cf75dd75f4ddbe06288ebbc31b	main/raw/branch_df_mem_leak_ffi/annotated_icfg_v2.json
corpus	c-callback-rust-closure	987022d82f4cfcbde49313ae0b97008e4014db516d945459a7e0a91557747d5c	main/raw/c-callback-rust-closure/annotated_icfg_v2.json
corpus	c_calloc_leak_ml	dbe3629ec58a65b5558dec67121d1c80fa3db4a4c5dcc7e6e760bd520efe702b	main/raw/c_calloc_leak_ml/annotated_icfg_v2.json
corpus	clean_alloc_read_and_drop	ad265bbc5f00443b4eaff2bbb4db448808990504bd2d204813602b54c0f5d9c1	main/raw/clean_alloc_read_and_drop/annotated_icfg_v2.json
corpus	clean_cstring_no_errors_only_rust	42bed956aebced010df81da7cd84f2e263bed2ff7f7e49a8a4f29f7b18060f2c	main/raw/clean_cstring_no_errors_only_rust/annotated_icfg_v2.json
corpus	clean_into_from_raw	f5b497641fa79cedf1719f6ff5040eff9270f211f8c6db05aca27b8372728271	main/raw/clean_into_from_raw/annotated_icfg_v2.json
corpus	clean_mul_fn_ffi_no_errors	0ded00c8d383ec9c4b8805251bb41a8953a0559ebcdd78c900cbb1525e327265	main/raw/clean_mul_fn_ffi_no_errors/annotated_icfg_v2.json
corpus	clean_struct_point_mem_leak_into_raw_no_errors	e97acbc96c0a1dc93ed838a933ab287cb1c20c2584a546dc20ae4481a58c9dee	main/raw/clean_struct_point_mem_leak_into_raw_no_errors/annotated_icfg_v2.json
corpus	closure_df	79737fd8b3d8ae14e2cacd6c26c721c1860f29eb1d84be4f42a29485ce3b8404	main/raw/closure_df/annotated_icfg_v2.json
corpus	c_malloc_c_double_free_df	cdb6d1a358df5ab917609a8401e806fb1f46087e46ad115cd3033e65f8dc8e3f	main/raw/c_malloc_c_double_free_df/annotated_icfg_v2.json
corpus	c_malloc_c_free_clean	f119074b43275596b3c21bf777d4dfdf137abe64d34e5a33c654b89ebb76ee0d	main/raw/c_malloc_c_free_clean/annotated_icfg_v2.json
corpus	c_malloc_c_free_then_rust_use_uaf	7d7ac16b8cfbced40d3d6682094323a902aa92942ec886247296bc3c0bf11fa7	main/raw/c_malloc_c_free_then_rust_use_uaf/annotated_icfg_v2.json
corpus	c_malloc_cstr_borrow_c_free_clean	2acf866b7c8751cf29e696eaa5b4ed2788a9be9f0e4a06bc4316330e5d146bb3	main/raw/c_malloc_cstr_borrow_c_free_clean/annotated_icfg_v2.json
corpus	c_malloc_leak_ml	19d4a0d47a4e468c6aff5d1932c8c7b86cb84063479ce42b20c8235c63918ac8	main/raw/c_malloc_leak_ml/annotated_icfg_v2.json
corpus	c_malloc_rust_box_from_raw_ub	858efd618b74b32ac603f389fcb70f0c3dfe96c42e9a74c2e4d4fa42ea7c3bb9	main/raw/c_malloc_rust_box_from_raw_ub/annotated_icfg_v2.json
corpus	c_malloc_rust_cstring_from_raw_ub	830d2a441459011708eb61243a196f349269b73a2db3d4547b047bbac16f579a	main/raw/c_malloc_rust_cstring_from_raw_ub/annotated_icfg_v2.json
corpus	c_malloc_rust_double_free_df	d93538211cf1eeec1f1695d0cd733fd64643bdf4862df7cce7935c9b2ea1a340	main/raw/c_malloc_rust_double_free_df/annotated_icfg_v2.json
corpus	c_malloc_rust_free_clean	3bec32072d2be4f0803a325c656c18d4a0595834cb3c0f6447d8b7feb1e5b348	main/raw/c_malloc_rust_free_clean/annotated_icfg_v2.json
corpus	c_malloc_rust_free_then_use_uaf	0b717eed9bd163ae440eb5464ffc43076bf0ca6d4f8e0c67e27100397f569848	main/raw/c_malloc_rust_free_then_use_uaf/annotated_icfg_v2.json
corpus	c_malloc_rust_std_dealloc_ub	d89667d03167ce4cc7d0b6343eb2c516f612d7ee5d6be07590adb57a0e277606	main/raw/c_malloc_rust_std_dealloc_ub/annotated_icfg_v2.json
corpus	c_malloc_rust_string_from_raw_parts_ub	abcf0588ad6425a71f35ce80f8dc85497eeed42922ad9a5a374fcc9a7921dba7	main/raw/c_malloc_rust_string_from_raw_parts_ub/annotated_icfg_v2.json
corpus	c_malloc_rust_vec_from_raw_parts_ub	5a68fdabb95cf9ec74287c61babdcb7de7c47ec2827e00d0fb504d05e8779508	main/raw/c_malloc_rust_vec_from_raw_parts_ub/annotated_icfg_v2.json
corpus	concurrent-verification	f4bf8613d2c29bf64668ae345d0812c91b76bd8fcf61d46346c35dedf246dbd9	main/raw/concurrent-verification/annotated_icfg_v2.json
corpus	c_static_cstr_borrow_clean	5bd7233817ba883321afc2ce0fba8169fc2239d646616fd14369cb48e6f8ad79	main/raw/c_static_cstr_borrow_clean/annotated_icfg_v2.json
corpus	cstr_cargo_df_ffi	5f3df8c599d77cd9e2df07ed0abde02e4843be5e6eb19af33d52e71556b29aa0	main/raw/cstr_cargo_df_ffi/annotated_icfg_v2.json
corpus	cstr_expect_uaf_and_ub_ffi	dbae50c9ddc1f4f9c6f778bcd81fc87dff9072b5d7266fc388461d346d55302a	main/raw/cstr_expect_uaf_and_ub_ffi/annotated_icfg_v2.json
corpus	cstringcargo_df_ffi	3b90da044ae47e791d8e56e3a68829115b95dfd553fddd47911adc67008aed71	main/raw/cstringcargo_df_ffi/annotated_icfg_v2.json
corpus	cstringcargo_enum_df_only_rust	ccf2e6cc40bd73abb798b1e83eb3c5d822590c4a47aeef56457f3cbf6f3fab9b	main/raw/cstringcargo_enum_df_only_rust/annotated_icfg_v2.json
corpus	cstring_df_only_rust	60ecde0f1e0058aa8b1faec41fb82b32306102dd24c4979a82a61a7876e4259d	main/raw/cstring_df_only_rust/annotated_icfg_v2.json
corpus	df_rand_cargo_c_ffi	154cc6415d644c909a4d7aab1c00af168dd7586d050bf94302c9dea6934b6948	main/raw/df_rand_cargo_c_ffi/annotated_icfg_v2.json
corpus	drop_raw_ptr_no_free	30f881a2c0b81050fef50295b4abe0f9e2515c6bedeedcb1e3c42c75f399c63e	main/raw/drop_raw_ptr_no_free/annotated_icfg_v2.json
corpus	explicit_drop_df_only_rust	22193ff5fdae9878a21f8ddfba4fef13e855a23a79b2eb0db9ad3f1fe73c8526	main/raw/explicit_drop_df_only_rust/annotated_icfg_v2.json
corpus	for_df_ffi	4ceb2cd5bf413ec24f05a6d4ebea117dbb839ca01d54f9ac6b9b1b013ce5e471	main/raw/for_df_ffi/annotated_icfg_v2.json
corpus	for_memory_leak_ffi	ef8d66ba7208dd64c18a9d4ff974d8d5d79df4621e83a8bb4ef97bd4ce8ac25a	main/raw/for_memory_leak_ffi/annotated_icfg_v2.json
corpus	lock-free	56e8d0bab102ceaf949df2aef8d5d3bac5581c2a1393c8f8a9e71294354e4546	main/raw/lock-free/annotated_icfg_v2.json
corpus	lock_free_non_blocking_linked_list	ba3694a6319c541f9cf3ef78add558420dd3baf40cea6232c6441621a3b130e4	main/raw/lock_free_non_blocking_linked_list/annotated_icfg_v2.json
corpus	napkin-math-test	2a67a09e37d492a146e4748b55081cde6cef7677a0f84837b08ff3c07a9c51d9	main/raw/napkin-math-test/annotated_icfg_v2.json
corpus	noGenerator	07ff0ffa8bb2f5df29eada94aadab232f3fe1e308ae1221445c5e5adf9a5fabc	main/raw/noGenerator/annotated_icfg_v2.json
corpus	rc-playground	ac5d6e3091ee18a14cc7dd8be295447732445d7a3ac655682428ec53ec332a62	main/raw/rc-playground/annotated_icfg_v2.json
corpus	rusant	13914d86db7bbfaad3feb32a15c8f4e17ef7fa5ea5b0496304bf9aaf4539f5ba	main/raw/rusant/annotated_icfg_v2.json
corpus	rust-boks	05ff80ff9779ad0c28eb4dbaf0143281114110bb98d9ba99603b7074da06e252	main/raw/rust-boks/annotated_icfg_v2.json
corpus	rust_box_direct_c_free_ub	7129b614a6966f7b4f03385702c14845da0c385458b624aea8323fc2312cf18c	main/raw/rust_box_direct_c_free_ub/annotated_icfg_v2.json
corpus	rust_hw3	96260e9f4ced5c80325e87131ca6fad3147ef0c3b10bc15d3adbaecfd1cc6c8e	main/raw/rust_hw3/annotated_icfg_v2.json
corpus	rust_memory	001ffae0b3bc58215119a4a2643a6a3fbbde75d577a3500e9ec6b56dc433eae1	main/raw/rust_memory/annotated_icfg_v2.json
corpus	shared-register	3bcb46354432f6c1c74774239c710116aa23d1fce13f8ca78aaf80e204142da5	main/raw/shared-register/annotated_icfg_v2.json
corpus	skip-list-test	ad9a44c1ee8a1425bfb96c75a92035445c18a4718e92fd64161c03d678737a20	main/raw/skip-list-test/annotated_icfg_v2.json
corpus	square	d9664a445fa18776980eb9c8a6828306f290ce95887998bf8ee549ae23d3dd66	main/raw/square/annotated_icfg_v2.json
corpus	stackswap-coroutines	9ea7abf9c41890321b20642703dbe1e51bc5a9efbd5245b3ffb8c979bcf358e9	main/raw/stackswap-coroutines/annotated_icfg_v2.json
corpus	std_mem_forget_mem_leak_rust	0c9c791bf7a9484d69545e9765eb97cd16680104762ec8f26f95e5ce0cd304bf	main/raw/std_mem_forget_mem_leak_rust/annotated_icfg_v2.json
corpus	struct_point_df_only_rust	b58c327e398277a3c5e8cb1882256e457c678a3a633c5121d8fb81d2a5cf6134	main/raw/struct_point_df_only_rust/annotated_icfg_v2.json
corpus	struct_point_mem_leak	af53b246a07d330e924d87e33d8cebbdade536c4cac25bb92ead5eace08e3701	main/raw/struct_point_mem_leak/annotated_icfg_v2.json
corpus	uaf-df-mail-lillo	b6253940a537846be4a2fa02c48841f0bc9a720310906f88d55959989fbe7b34	main/raw/uaf-df-mail-lillo/annotated_icfg_v2.json
corpus	uaf_mem_leak_ffi	6ae8f8fbaed53e86b38575f0b497bc83f91bc6fef669108251798745002fa474	main/raw/uaf_mem_leak_ffi/annotated_icfg_v2.json
corpus	uaf_read_ptr	c8c5b7f280ac328ef58719c83b08313fd570fa112c738ec3a5cc39dd552c6adc	main/raw/uaf_read_ptr/annotated_icfg_v2.json
corpus	unsafely-created-owned-type	7bfcd67df074ea66c35f42dec95f43db4192c5caf6e05ed648fe70ab1c9d11a6	main/raw/unsafely-created-owned-type/annotated_icfg_v2.json
corpus	unsized_struct	0c08c5512d1920eb0cd5173b28c452374c6532c1dfab844733017269795523d8	main/raw/unsized_struct/annotated_icfg_v2.json
corpus	vuln_only_mem_leak_but_df_branch_overapprox_FFI	4e0504966cd62c62aba24a409ee246d7828341cf75dd75f4ddbe06288ebbc31b	main/raw/vuln_only_mem_leak_but_df_branch_overapprox_FFI/annotated_icfg_v2.json
corpus	warning_ub_bool	eb88dcf2c3d3e4a6906fab520eeb9bb1ac7c0e3ef11818d2d5c0039994388031	main/raw/warning_ub_bool/annotated_icfg_v2.json
corpus	warning_ub_int	81f4856fb0f8d0bdb7d7762fb0e9ebdba34daec296f6a5d09c0d3210abbcc160	main/raw/warning_ub_int/annotated_icfg_v2.json
corpus	warning_ub_mult	a1a2ff7700b66be46f42e8dff34c15904d41b7117442939837c3674ed1a4bec0	main/raw/warning_ub_mult/annotated_icfg_v2.json
corpus	warning_ub_string	ba5f2507fa535e0449208cb7612a1d51f3635e13eb6d4214a508461e1687e926	main/raw/warning_ub_string/annotated_icfg_v2.json
corpus	wasm-demo	157df9d4141a46b9b19540b0c54e50e4f5f816a24b708911db711335fd309762	main/raw/wasm-demo/annotated_icfg_v2.json
corpus	whisper-rs-example	a67dd2463444b9963f5d334cf25253f9ef806fb5e9bcc9d34043b2e9e9103bdd	main/raw/whisper-rs-example/annotated_icfg_v2.json
experimental	bmulti_clean_two_args_ffi	30d81b486e181b377e686ebeb12a6a07a5eb95cede56159976ffeecfd6c65429	experimental/raw/bmulti_clean_two_args_ffi/annotated_icfg_v2.json
experimental	bmulti_df_second_ffi	18007680bed5b22e1bfc928d957381d0dbd6534ad0c7f8c5e4272a50e75d7398	experimental/raw/bmulti_df_second_ffi/annotated_icfg_v2.json
experimental	bmulti_leak_second_ffi	6e45773aa21f2f4851024f55f9fbc5dc4e39fe431baca603da155a5a23e33b6a	experimental/raw/bmulti_leak_second_ffi/annotated_icfg_v2.json
experimental	bmulti_uaf_second_ffi	67c4dbaf310b0bdd88647256dbcc6073e393c8c2df0feed1add857ac6fdd0819	experimental/raw/bmulti_uaf_second_ffi/annotated_icfg_v2.json
registry	unicode-ident-1.0.18	560cd7e94a09a52638d0be7fab3b2a7eaa61ccd24fe572cf355c6d38b6affe5a	registry/unicode-ident-1.0.18/analysis/annotated_icfg_v2.json
registry	ryu-1.0.20	97e63375a163c3643c3fd71308d67f92123a8324b32dffbec71c30c6329121d1	registry/ryu-1.0.20/analysis/annotated_icfg_v2.json
registry	memchr-2.7.4	73f66fcd955cbffbd9c47abc8abaeda6842351632bb52ba2ebdff1b45554cd54	registry/memchr-2.7.4/analysis/annotated_icfg_v2.json
