group	target	artifact	typed_edge_flow_v1	llvm_memory_effects_v1	svf_solved_points_to_v1	ffi_argument_identity_v1	external_deallocation_effects_v1	allocation_state_v1	typed_edges	normal_edges	unwind_edges
corpus	boxed_bool__df	/home/af/Documenti/a-phd/repro-results/pre-must-final118-20260919T120729Z/main/raw/boxed_bool__df/annotated_icfg_v2.json	1	0	0	0	1	1	23	13	10
corpus	boxed_bool__ml	/home/af/Documenti/a-phd/repro-results/pre-must-final118-20260919T120729Z/main/raw/boxed_bool__ml/annotated_icfg_v2.json	1	0	0	0	1	1	13	8	5
corpus	boxed_bool__uaf	/home/af/Documenti/a-phd/repro-results/pre-must-final118-20260919T120729Z/main/raw/boxed_bool__uaf/annotated_icfg_v2.json	1	0	0	0	1	1	23	13	10
corpus	boxed_char__df	/home/af/Documenti/a-phd/repro-results/pre-must-final118-20260919T120729Z/main/raw/boxed_char__df/annotated_icfg_v2.json	1	0	0	0	1	1	23	13	10
corpus	boxed_char__ml	/home/af/Documenti/a-phd/repro-results/pre-must-final118-20260919T120729Z/main/raw/boxed_char__ml/annotated_icfg_v2.json	1	0	0	0	1	1	13	8	5
corpus	boxed_char__uaf	/home/af/Documenti/a-phd/repro-results/pre-must-final118-20260919T120729Z/main/raw/boxed_char__uaf/annotated_icfg_v2.json	1	0	0	0	1	1	24	14	10
corpus	boxed_f32__df	/home/af/Documenti/a-phd/repro-results/pre-must-final118-20260919T120729Z/main/raw/boxed_f32__df/annotated_icfg_v2.json	1	0	0	0	1	1	23	13	10
corpus	boxed_f32__ml	/home/af/Documenti/a-phd/repro-results/pre-must-final118-20260919T120729Z/main/raw/boxed_f32__ml/annotated_icfg_v2.json	1	0	0	0	1	1	13	8	5
corpus	boxed_f32__uaf	/home/af/Documenti/a-phd/repro-results/pre-must-final118-20260919T120729Z/main/raw/boxed_f32__uaf/annotated_icfg_v2.json	1	0	0	0	1	1	24	14	10
corpus	boxed_f64__df	/home/af/Documenti/a-phd/repro-results/pre-must-final118-20260919T120729Z/main/raw/boxed_f64__df/annotated_icfg_v2.json	1	0	0	0	1	1	23	13	10
corpus	boxed_f64__ml	/home/af/Documenti/a-phd/repro-results/pre-must-final118-20260919T120729Z/main/raw/boxed_f64__ml/annotated_icfg_v2.json	1	0	0	0	1	1	13	8	5
corpus	boxed_f64__uaf	/home/af/Documenti/a-phd/repro-results/pre-must-final118-20260919T120729Z/main/raw/boxed_f64__uaf/annotated_icfg_v2.json	1	0	0	0	1	1	24	14	10
corpus	boxed_i128__df	/home/af/Documenti/a-phd/repro-results/pre-must-final118-20260919T120729Z/main/raw/boxed_i128__df/annotated_icfg_v2.json	1	0	0	0	1	1	23	13	10
corpus	boxed_i128__ml	/home/af/Documenti/a-phd/repro-results/pre-must-final118-20260919T120729Z/main/raw/boxed_i128__ml/annotated_icfg_v2.json	1	0	0	0	1	1	13	8	5
corpus	boxed_i128__uaf	/home/af/Documenti/a-phd/repro-results/pre-must-final118-20260919T120729Z/main/raw/boxed_i128__uaf/annotated_icfg_v2.json	1	0	0	0	1	1	24	14	10
corpus	boxed_i16__df	/home/af/Documenti/a-phd/repro-results/pre-must-final118-20260919T120729Z/main/raw/boxed_i16__df/annotated_icfg_v2.json	1	0	0	0	1	1	23	13	10
corpus	boxed_i16__ml	/home/af/Documenti/a-phd/repro-results/pre-must-final118-20260919T120729Z/main/raw/boxed_i16__ml/annotated_icfg_v2.json	1	0	0	0	1	1	13	8	5
corpus	boxed_i16__uaf	/home/af/Documenti/a-phd/repro-results/pre-must-final118-20260919T120729Z/main/raw/boxed_i16__uaf/annotated_icfg_v2.json	1	0	0	0	1	1	24	14	10
corpus	boxed_i32__df	/home/af/Documenti/a-phd/repro-results/pre-must-final118-20260919T120729Z/main/raw/boxed_i32__df/annotated_icfg_v2.json	1	0	0	0	1	1	23	13	10
corpus	boxed_i32__ml	/home/af/Documenti/a-phd/repro-results/pre-must-final118-20260919T120729Z/main/raw/boxed_i32__ml/annotated_icfg_v2.json	1	0	0	0	1	1	13	8	5
corpus	boxed_i32__uaf	/home/af/Documenti/a-phd/repro-results/pre-must-final118-20260919T120729Z/main/raw/boxed_i32__uaf/annotated_icfg_v2.json	1	0	0	0	1	1	24	14	10
corpus	boxed_i64__df	/home/af/Documenti/a-phd/repro-results/pre-must-final118-20260919T120729Z/main/raw/boxed_i64__df/annotated_icfg_v2.json	1	0	0	0	1	1	23	13	10
corpus	boxed_i64__ml	/home/af/Documenti/a-phd/repro-results/pre-must-final118-20260919T120729Z/main/raw/boxed_i64__ml/annotated_icfg_v2.json	1	0	0	0	1	1	13	8	5
corpus	boxed_i64__uaf	/home/af/Documenti/a-phd/repro-results/pre-must-final118-20260919T120729Z/main/raw/boxed_i64__uaf/annotated_icfg_v2.json	1	0	0	0	1	1	24	14	10
corpus	boxed_i8__df	/home/af/Documenti/a-phd/repro-results/pre-must-final118-20260919T120729Z/main/raw/boxed_i8__df/annotated_icfg_v2.json	1	0	0	0	1	1	23	13	10
corpus	boxed_i8__ml	/home/af/Documenti/a-phd/repro-results/pre-must-final118-20260919T120729Z/main/raw/boxed_i8__ml/annotated_icfg_v2.json	1	0	0	0	1	1	13	8	5
corpus	boxed_i8__uaf	/home/af/Documenti/a-phd/repro-results/pre-must-final118-20260919T120729Z/main/raw/boxed_i8__uaf/annotated_icfg_v2.json	1	0	0	0	1	1	23	13	10
corpus	boxed_isize__df	/home/af/Documenti/a-phd/repro-results/pre-must-final118-20260919T120729Z/main/raw/boxed_isize__df/annotated_icfg_v2.json	1	0	0	0	1	1	23	13	10
corpus	boxed_isize__ml	/home/af/Documenti/a-phd/repro-results/pre-must-final118-20260919T120729Z/main/raw/boxed_isize__ml/annotated_icfg_v2.json	1	0	0	0	1	1	13	8	5
corpus	boxed_isize__uaf	/home/af/Documenti/a-phd/repro-results/pre-must-final118-20260919T120729Z/main/raw/boxed_isize__uaf/annotated_icfg_v2.json	1	0	0	0	1	1	24	14	10
corpus	boxed_u128__df	/home/af/Documenti/a-phd/repro-results/pre-must-final118-20260919T120729Z/main/raw/boxed_u128__df/annotated_icfg_v2.json	1	0	0	0	1	1	23	13	10
corpus	boxed_u128__ml	/home/af/Documenti/a-phd/repro-results/pre-must-final118-20260919T120729Z/main/raw/boxed_u128__ml/annotated_icfg_v2.json	1	0	0	0	1	1	13	8	5
corpus	boxed_u128__uaf	/home/af/Documenti/a-phd/repro-results/pre-must-final118-20260919T120729Z/main/raw/boxed_u128__uaf/annotated_icfg_v2.json	1	0	0	0	1	1	24	14	10
corpus	boxed_u16__df	/home/af/Documenti/a-phd/repro-results/pre-must-final118-20260919T120729Z/main/raw/boxed_u16__df/annotated_icfg_v2.json	1	0	0	0	1	1	23	13	10
corpus	boxed_u16__ml	/home/af/Documenti/a-phd/repro-results/pre-must-final118-20260919T120729Z/main/raw/boxed_u16__ml/annotated_icfg_v2.json	1	0	0	0	1	1	13	8	5
corpus	boxed_u16__uaf	/home/af/Documenti/a-phd/repro-results/pre-must-final118-20260919T120729Z/main/raw/boxed_u16__uaf/annotated_icfg_v2.json	1	0	0	0	1	1	24	14	10
corpus	boxed_u32__df	/home/af/Documenti/a-phd/repro-results/pre-must-final118-20260919T120729Z/main/raw/boxed_u32__df/annotated_icfg_v2.json	1	0	0	0	1	1	23	13	10
corpus	boxed_u32__ml	/home/af/Documenti/a-phd/repro-results/pre-must-final118-20260919T120729Z/main/raw/boxed_u32__ml/annotated_icfg_v2.json	1	0	0	0	1	1	13	8	5
corpus	boxed_u32__uaf	/home/af/Documenti/a-phd/repro-results/pre-must-final118-20260919T120729Z/main/raw/boxed_u32__uaf/annotated_icfg_v2.json	1	0	0	0	1	1	24	14	10
corpus	boxed_u64__df	/home/af/Documenti/a-phd/repro-results/pre-must-final118-20260919T120729Z/main/raw/boxed_u64__df/annotated_icfg_v2.json	1	0	0	0	1	1	23	13	10
corpus	boxed_u64__ml	/home/af/Documenti/a-phd/repro-results/pre-must-final118-20260919T120729Z/main/raw/boxed_u64__ml/annotated_icfg_v2.json	1	0	0	0	1	1	13	8	5
corpus	boxed_u64__uaf	/home/af/Documenti/a-phd/repro-results/pre-must-final118-20260919T120729Z/main/raw/boxed_u64__uaf/annotated_icfg_v2.json	1	0	0	0	1	1	24	14	10
corpus	boxed_u8__df	/home/af/Documenti/a-phd/repro-results/pre-must-final118-20260919T120729Z/main/raw/boxed_u8__df/annotated_icfg_v2.json	1	0	0	0	1	1	23	13	10
corpus	boxed_u8__ml	/home/af/Documenti/a-phd/repro-results/pre-must-final118-20260919T120729Z/main/raw/boxed_u8__ml/annotated_icfg_v2.json	1	0	0	0	1	1	13	8	5
corpus	boxed_u8__uaf	/home/af/Documenti/a-phd/repro-results/pre-must-final118-20260919T120729Z/main/raw/boxed_u8__uaf/annotated_icfg_v2.json	1	0	0	0	1	1	23	13	10
corpus	boxed_usize__df	/home/af/Documenti/a-phd/repro-results/pre-must-final118-20260919T120729Z/main/raw/boxed_usize__df/annotated_icfg_v2.json	1	0	0	0	1	1	23	13	10
corpus	boxed_usize__ml	/home/af/Documenti/a-phd/repro-results/pre-must-final118-20260919T120729Z/main/raw/boxed_usize__ml/annotated_icfg_v2.json	1	0	0	0	1	1	13	8	5
corpus	boxed_usize__uaf	/home/af/Documenti/a-phd/repro-results/pre-must-final118-20260919T120729Z/main/raw/boxed_usize__uaf/annotated_icfg_v2.json	1	0	0	0	1	1	24	14	10
corpus	branch_df_mem_leak_ffi	/home/af/Documenti/a-phd/repro-results/pre-must-final118-20260919T120729Z/main/raw/branch_df_mem_leak_ffi/annotated_icfg_v2.json	1	1	1	1	1	1	51	46	5
corpus	c-callback-rust-closure	/home/af/Documenti/a-phd/repro-results/pre-must-final118-20260919T120729Z/main/raw/c-callback-rust-closure/annotated_icfg_v2.json	1	1	1	0	1	1	108	93	15
corpus	c_calloc_leak_ml	/home/af/Documenti/a-phd/repro-results/pre-must-final118-20260919T120729Z/main/raw/c_calloc_leak_ml/annotated_icfg_v2.json	1	1	1	0	1	1	14	14	0
corpus	clean_alloc_read_and_drop	/home/af/Documenti/a-phd/repro-results/pre-must-final118-20260919T120729Z/main/raw/clean_alloc_read_and_drop/annotated_icfg_v2.json	1	0	0	0	1	1	15	10	5
corpus	clean_cstring_no_errors_only_rust	/home/af/Documenti/a-phd/repro-results/pre-must-final118-20260919T120729Z/main/raw/clean_cstring_no_errors_only_rust/annotated_icfg_v2.json	1	0	0	0	1	1	5	5	0
corpus	clean_into_from_raw	/home/af/Documenti/a-phd/repro-results/pre-must-final118-20260919T120729Z/main/raw/clean_into_from_raw/annotated_icfg_v2.json	1	0	0	0	1	1	35	20	15
corpus	clean_mul_fn_ffi_no_errors	/home/af/Documenti/a-phd/repro-results/pre-must-final118-20260919T120729Z/main/raw/clean_mul_fn_ffi_no_errors/annotated_icfg_v2.json	1	1	1	1	1	1	51	42	9
corpus	clean_struct_point_mem_leak_into_raw_no_errors	/home/af/Documenti/a-phd/repro-results/pre-must-final118-20260919T120729Z/main/raw/clean_struct_point_mem_leak_into_raw_no_errors/annotated_icfg_v2.json	1	0	0	0	1	1	55	35	20
corpus	closure_df	/home/af/Documenti/a-phd/repro-results/pre-must-final118-20260919T120729Z/main/raw/closure_df/annotated_icfg_v2.json	1	0	0	0	1	1	10	10	0
corpus	c_malloc_c_double_free_df	/home/af/Documenti/a-phd/repro-results/pre-must-final118-20260919T120729Z/main/raw/c_malloc_c_double_free_df/annotated_icfg_v2.json	1	1	1	1	1	1	46	46	0
corpus	c_malloc_c_free_clean	/home/af/Documenti/a-phd/repro-results/pre-must-final118-20260919T120729Z/main/raw/c_malloc_c_free_clean/annotated_icfg_v2.json	1	1	1	1	1	1	38	38	0
corpus	c_malloc_c_free_then_rust_use_uaf	/home/af/Documenti/a-phd/repro-results/pre-must-final118-20260919T120729Z/main/raw/c_malloc_c_free_then_rust_use_uaf/annotated_icfg_v2.json	1	1	1	1	1	1	36	36	0
corpus	c_malloc_cstr_borrow_c_free_clean	/home/af/Documenti/a-phd/repro-results/pre-must-final118-20260919T120729Z/main/raw/c_malloc_cstr_borrow_c_free_clean/annotated_icfg_v2.json	1	1	1	1	1	1	53	49	4
corpus	c_malloc_leak_ml	/home/af/Documenti/a-phd/repro-results/pre-must-final118-20260919T120729Z/main/raw/c_malloc_leak_ml/annotated_icfg_v2.json	1	1	1	0	1	1	27	27	0
corpus	c_malloc_rust_box_from_raw_ub	/home/af/Documenti/a-phd/repro-results/pre-must-final118-20260919T120729Z/main/raw/c_malloc_rust_box_from_raw_ub/annotated_icfg_v2.json	1	1	1	0	1	1	34	30	4
corpus	c_malloc_rust_cstring_from_raw_ub	/home/af/Documenti/a-phd/repro-results/pre-must-final118-20260919T120729Z/main/raw/c_malloc_rust_cstring_from_raw_ub/annotated_icfg_v2.json	1	1	1	0	1	1	42	38	4
corpus	c_malloc_rust_double_free_df	/home/af/Documenti/a-phd/repro-results/pre-must-final118-20260919T120729Z/main/raw/c_malloc_rust_double_free_df/annotated_icfg_v2.json	1	1	1	0	1	1	28	28	0
corpus	c_malloc_rust_free_clean	/home/af/Documenti/a-phd/repro-results/pre-must-final118-20260919T120729Z/main/raw/c_malloc_rust_free_clean/annotated_icfg_v2.json	1	1	1	0	1	1	29	29	0
corpus	c_malloc_rust_free_then_use_uaf	/home/af/Documenti/a-phd/repro-results/pre-must-final118-20260919T120729Z/main/raw/c_malloc_rust_free_then_use_uaf/annotated_icfg_v2.json	1	1	1	0	1	1	27	27	0
corpus	c_malloc_rust_std_dealloc_ub	/home/af/Documenti/a-phd/repro-results/pre-must-final118-20260919T120729Z/main/raw/c_malloc_rust_std_dealloc_ub/annotated_icfg_v2.json	1	1	1	0	1	1	13	13	0
corpus	c_malloc_rust_string_from_raw_parts_ub	/home/af/Documenti/a-phd/repro-results/pre-must-final118-20260919T120729Z/main/raw/c_malloc_rust_string_from_raw_parts_ub/annotated_icfg_v2.json	1	1	1	0	1	1	46	42	4
corpus	c_malloc_rust_vec_from_raw_parts_ub	/home/af/Documenti/a-phd/repro-results/pre-must-final118-20260919T120729Z/main/raw/c_malloc_rust_vec_from_raw_parts_ub/annotated_icfg_v2.json	1	1	1	0	1	1	41	37	4
corpus	concurrent-verification	/home/af/Documenti/a-phd/repro-results/pre-must-final118-20260919T120729Z/main/raw/concurrent-verification/annotated_icfg_v2.json	1	0	0	0	1	1	136	110	26
corpus	c_static_cstr_borrow_clean	/home/af/Documenti/a-phd/repro-results/pre-must-final118-20260919T120729Z/main/raw/c_static_cstr_borrow_clean/annotated_icfg_v2.json	1	1	1	0	1	1	19	15	4
corpus	cstr_cargo_df_ffi	/home/af/Documenti/a-phd/repro-results/pre-must-final118-20260919T120729Z/main/raw/cstr_cargo_df_ffi/annotated_icfg_v2.json	1	1	1	1	1	1	29	25	4
corpus	cstr_expect_uaf_and_ub_ffi	/home/af/Documenti/a-phd/repro-results/pre-must-final118-20260919T120729Z/main/raw/cstr_expect_uaf_and_ub_ffi/annotated_icfg_v2.json	1	1	1	1	1	1	30	26	4
corpus	cstringcargo_df_ffi	/home/af/Documenti/a-phd/repro-results/pre-must-final118-20260919T120729Z/main/raw/cstringcargo_df_ffi/annotated_icfg_v2.json	1	1	1	1	1	1	40	33	7
corpus	cstringcargo_enum_df_only_rust	/home/af/Documenti/a-phd/repro-results/pre-must-final118-20260919T120729Z/main/raw/cstringcargo_enum_df_only_rust/annotated_icfg_v2.json	1	0	0	0	1	1	55	33	22
corpus	cstring_df_only_rust	/home/af/Documenti/a-phd/repro-results/pre-must-final118-20260919T120729Z/main/raw/cstring_df_only_rust/annotated_icfg_v2.json	1	0	0	0	1	1	7	7	0
corpus	df_rand_cargo_c_ffi	/home/af/Documenti/a-phd/repro-results/pre-must-final118-20260919T120729Z/main/raw/df_rand_cargo_c_ffi/annotated_icfg_v2.json	1	1	1	1	1	1	36	36	0
corpus	drop_raw_ptr_no_free	/home/af/Documenti/a-phd/repro-results/pre-must-final118-20260919T120729Z/main/raw/drop_raw_ptr_no_free/annotated_icfg_v2.json	1	0	0	0	1	1	6	6	0
corpus	explicit_drop_df_only_rust	/home/af/Documenti/a-phd/repro-results/pre-must-final118-20260919T120729Z/main/raw/explicit_drop_df_only_rust/annotated_icfg_v2.json	1	0	0	0	1	1	6	6	0
corpus	for_df_ffi	/home/af/Documenti/a-phd/repro-results/pre-must-final118-20260919T120729Z/main/raw/for_df_ffi/annotated_icfg_v2.json	1	1	1	1	1	1	37	29	8
corpus	for_memory_leak_ffi	/home/af/Documenti/a-phd/repro-results/pre-must-final118-20260919T120729Z/main/raw/for_memory_leak_ffi/annotated_icfg_v2.json	1	1	1	1	1	1	30	24	6
corpus	lock-free	/home/af/Documenti/a-phd/repro-results/pre-must-final118-20260919T120729Z/main/raw/lock-free/annotated_icfg_v2.json	1	0	0	0	1	1	93	87	6
corpus	lock_free_non_blocking_linked_list	/home/af/Documenti/a-phd/repro-results/pre-must-final118-20260919T120729Z/main/raw/lock_free_non_blocking_linked_list/annotated_icfg_v2.json	1	0	0	0	1	1	136	103	33
corpus	napkin-math-test	/home/af/Documenti/a-phd/repro-results/pre-must-final118-20260919T120729Z/main/raw/napkin-math-test/annotated_icfg_v2.json	1	0	0	0	1	1	62	52	10
corpus	noGenerator	/home/af/Documenti/a-phd/repro-results/pre-must-final118-20260919T120729Z/main/raw/noGenerator/annotated_icfg_v2.json	1	0	0	0	1	1	43	37	6
corpus	rc-playground	/home/af/Documenti/a-phd/repro-results/pre-must-final118-20260919T120729Z/main/raw/rc-playground/annotated_icfg_v2.json	1	0	0	0	1	1	181	157	24
corpus	rusant	/home/af/Documenti/a-phd/repro-results/pre-must-final118-20260919T120729Z/main/raw/rusant/annotated_icfg_v2.json	1	1	1	0	1	1	43	25	18
corpus	rust-boks	/home/af/Documenti/a-phd/repro-results/pre-must-final118-20260919T120729Z/main/raw/rust-boks/annotated_icfg_v2.json	1	0	0	0	1	1	123	78	45
corpus	rust_box_direct_c_free_ub	/home/af/Documenti/a-phd/repro-results/pre-must-final118-20260919T120729Z/main/raw/rust_box_direct_c_free_ub/annotated_icfg_v2.json	1	0	0	0	1	1	4	4	0
corpus	rust_hw3	/home/af/Documenti/a-phd/repro-results/pre-must-final118-20260919T120729Z/main/raw/rust_hw3/annotated_icfg_v2.json	1	0	0	0	1	1	207	139	68
corpus	rust_memory	/home/af/Documenti/a-phd/repro-results/pre-must-final118-20260919T120729Z/main/raw/rust_memory/annotated_icfg_v2.json	1	0	0	0	1	1	98	64	34
corpus	shared-register	/home/af/Documenti/a-phd/repro-results/pre-must-final118-20260919T120729Z/main/raw/shared-register/annotated_icfg_v2.json	1	0	0	0	1	1	490	301	189
corpus	skip-list-test	/home/af/Documenti/a-phd/repro-results/pre-must-final118-20260919T120729Z/main/raw/skip-list-test/annotated_icfg_v2.json	1	0	0	0	1	1	193	189	4
corpus	square	/home/af/Documenti/a-phd/repro-results/pre-must-final118-20260919T120729Z/main/raw/square/annotated_icfg_v2.json	1	0	0	0	1	1	11756	8642	3114
corpus	stackswap-coroutines	/home/af/Documenti/a-phd/repro-results/pre-must-final118-20260919T120729Z/main/raw/stackswap-coroutines/annotated_icfg_v2.json	1	0	0	0	1	1	341	323	18
corpus	std_mem_forget_mem_leak_rust	/home/af/Documenti/a-phd/repro-results/pre-must-final118-20260919T120729Z/main/raw/std_mem_forget_mem_leak_rust/annotated_icfg_v2.json	1	0	0	0	1	1	4	4	0
corpus	struct_point_df_only_rust	/home/af/Documenti/a-phd/repro-results/pre-must-final118-20260919T120729Z/main/raw/struct_point_df_only_rust/annotated_icfg_v2.json	1	0	0	0	1	1	59	37	22
corpus	struct_point_mem_leak	/home/af/Documenti/a-phd/repro-results/pre-must-final118-20260919T120729Z/main/raw/struct_point_mem_leak/annotated_icfg_v2.json	1	0	0	0	1	1	43	29	14
corpus	uaf-df-mail-lillo	/home/af/Documenti/a-phd/repro-results/pre-must-final118-20260919T120729Z/main/raw/uaf-df-mail-lillo/annotated_icfg_v2.json	1	1	1	1	1	1	23	23	0
corpus	uaf_mem_leak_ffi	/home/af/Documenti/a-phd/repro-results/pre-must-final118-20260919T120729Z/main/raw/uaf_mem_leak_ffi/annotated_icfg_v2.json	1	1	1	1	1	1	34	34	0
corpus	uaf_read_ptr	/home/af/Documenti/a-phd/repro-results/pre-must-final118-20260919T120729Z/main/raw/uaf_read_ptr/annotated_icfg_v2.json	1	0	0	0	1	1	9	9	0
corpus	unsafely-created-owned-type	/home/af/Documenti/a-phd/repro-results/pre-must-final118-20260919T120729Z/main/raw/unsafely-created-owned-type/annotated_icfg_v2.json	1	0	0	0	1	1	45	42	3
corpus	unsized_struct	/home/af/Documenti/a-phd/repro-results/pre-must-final118-20260919T120729Z/main/raw/unsized_struct/annotated_icfg_v2.json	1	0	0	0	1	1	56	47	9
corpus	vuln_only_mem_leak_but_df_branch_overapprox_FFI	/home/af/Documenti/a-phd/repro-results/pre-must-final118-20260919T120729Z/main/raw/vuln_only_mem_leak_but_df_branch_overapprox_FFI/annotated_icfg_v2.json	1	1	1	1	1	1	51	46	5
corpus	warning_ub_bool	/home/af/Documenti/a-phd/repro-results/pre-must-final118-20260919T120729Z/main/raw/warning_ub_bool/annotated_icfg_v2.json	1	1	1	1	1	1	17	17	0
corpus	warning_ub_int	/home/af/Documenti/a-phd/repro-results/pre-must-final118-20260919T120729Z/main/raw/warning_ub_int/annotated_icfg_v2.json	1	1	1	1	1	1	17	17	0
corpus	warning_ub_mult	/home/af/Documenti/a-phd/repro-results/pre-must-final118-20260919T120729Z/main/raw/warning_ub_mult/annotated_icfg_v2.json	1	1	1	1	1	1	52	52	0
corpus	warning_ub_string	/home/af/Documenti/a-phd/repro-results/pre-must-final118-20260919T120729Z/main/raw/warning_ub_string/annotated_icfg_v2.json	1	1	1	1	1	1	17	17	0
corpus	wasm-demo	/home/af/Documenti/a-phd/repro-results/pre-must-final118-20260919T120729Z/main/raw/wasm-demo/annotated_icfg_v2.json	1	0	0	0	1	1	12	12	0
corpus	whisper-rs-example	/home/af/Documenti/a-phd/repro-results/pre-must-final118-20260919T120729Z/main/raw/whisper-rs-example/annotated_icfg_v2.json	1	0	0	0	1	1	143	90	53
experimental	bmulti_clean_two_args_ffi	/home/af/Documenti/a-phd/repro-results/pre-must-final118-20260919T120729Z/experimental/raw/bmulti_clean_two_args_ffi/annotated_icfg_v2.json	1	1	1	1	1	1	22	22	0
experimental	bmulti_df_second_ffi	/home/af/Documenti/a-phd/repro-results/pre-must-final118-20260919T120729Z/experimental/raw/bmulti_df_second_ffi/annotated_icfg_v2.json	1	1	1	1	1	1	22	22	0
experimental	bmulti_leak_second_ffi	/home/af/Documenti/a-phd/repro-results/pre-must-final118-20260919T120729Z/experimental/raw/bmulti_leak_second_ffi/annotated_icfg_v2.json	1	1	1	1	1	1	18	18	0
experimental	bmulti_uaf_second_ffi	/home/af/Documenti/a-phd/repro-results/pre-must-final118-20260919T120729Z/experimental/raw/bmulti_uaf_second_ffi/annotated_icfg_v2.json	1	1	1	1	1	1	22	22	0
registry	unicode-ident-1.0.18	/home/af/Documenti/a-phd/repro-results/pre-must-final118-20260919T120729Z/registry/unicode-ident-1.0.18/analysis/annotated_icfg_v2.json	1	0	0	0	1	1	36	36	0
registry	ryu-1.0.20	/home/af/Documenti/a-phd/repro-results/pre-must-final118-20260919T120729Z/registry/ryu-1.0.20/analysis/annotated_icfg_v2.json	1	0	0	0	1	1	1208	1208	0
registry	memchr-2.7.4	/home/af/Documenti/a-phd/repro-results/pre-must-final118-20260919T120729Z/registry/memchr-2.7.4/analysis/annotated_icfg_v2.json	1	0	0	0	1	1	4976	4833	143
