group	target	graph_sha256	schema	entry	nodes	reachable_nodes	unreachable_nodes	edges	variables	allocations	graph_validation	identity_sidecar	allocator_mismatch_ub	allocator_mismatch_ub_v2	double_free_alloc	double_free_alloc_state	leak_alloc	leak_alloc_state	mir_rvalue_presence	mir_statement_presence	mir_structural_allocator_example	mir_terminator_presence	use_after_free_alloc	use_after_free_alloc_state
corpus	boxed_bool__df	27a89ba7e25ee013171764c4fae5b827115b952a65c26b4f0cfe1f34a8b06f33	2	rust::main::bb0	15	15	0	23	24	1	PASS	PASS	ff	ff	unk	unk	unk	unk	ff	tt	ff	tt	ff	ff
corpus	boxed_bool__ml	c0969a7f753e962eb57043885362bb6c491217b47cfd1e55d0987054c00cc563	2	rust::main::bb0	10	10	0	13	18	1	PASS	PASS	ff	ff	ff	ff	unk	unk	ff	tt	ff	tt	ff	ff
corpus	boxed_bool__uaf	1ebf929837784ade29fcf646cb3e1355fe8ec62d95d4e1b4cc483d7c85dabf40	2	rust::main::bb0	15	15	0	23	35	1	PASS	PASS	unk	unk	unk	unk	unk	unk	ff	tt	ff	tt	unk	unk
corpus	boxed_char__df	9cb3d84eede1c86b9588a4f4bb3b9aef029e139ff6eafc285c5fcf2a99f7f2fa	2	rust::main::bb0	15	15	0	23	24	1	PASS	PASS	ff	ff	unk	unk	unk	unk	ff	tt	ff	tt	ff	ff
corpus	boxed_char__ml	e17d6689b7a698c86b2533e1cc070d16ba107e36c89be4e149fac097453723bc	2	rust::main::bb0	10	10	0	13	20	1	PASS	PASS	ff	ff	ff	ff	unk	unk	ff	tt	ff	tt	ff	ff
corpus	boxed_char__uaf	6e83e95d80d96b6d0f2b4f821cd8317271b04a8096c0d998ce7938ced80e2fc3	2	rust::main::bb0	16	16	0	24	45	1	PASS	PASS	unk	unk	unk	unk	unk	unk	ff	tt	ff	tt	unk	unk
corpus	boxed_f32__df	2777f6424499d61d024b36bdf8e1ab4eab0edef1ac076ffec0ef853cf4078684	2	rust::main::bb0	15	15	0	23	24	1	PASS	PASS	ff	ff	unk	unk	unk	unk	ff	tt	ff	tt	ff	ff
corpus	boxed_f32__ml	db59fcfaf44bdfa9000d343f6d0e4da2181f35b64b40d7382d2de41e94baccda	2	rust::main::bb0	10	10	0	13	20	1	PASS	PASS	ff	ff	ff	ff	unk	unk	ff	tt	ff	tt	ff	ff
corpus	boxed_f32__uaf	6ea80fd7766763a55f8095ba685cfecc4189c99f44f5efbfbcdd7d2f93b87897	2	rust::main::bb0	16	16	0	24	45	1	PASS	PASS	unk	unk	unk	unk	unk	unk	ff	tt	ff	tt	unk	unk
corpus	boxed_f64__df	f0362e4468a0858a366434f97c1c364ca8566c37f0ef19b951cd1bed6fe47904	2	rust::main::bb0	15	15	0	23	24	1	PASS	PASS	ff	ff	unk	unk	unk	unk	ff	tt	ff	tt	ff	ff
corpus	boxed_f64__ml	d70505bb7c64981d39c02651b0309370086030888c08aa73f00443c8af8fbe06	2	rust::main::bb0	10	10	0	13	18	1	PASS	PASS	ff	ff	ff	ff	unk	unk	ff	tt	ff	tt	ff	ff
corpus	boxed_f64__uaf	65305dace8462cc63cdd19ef623a259a8965fd1287194edf6d7a9fe701b0c17a	2	rust::main::bb0	16	16	0	24	45	1	PASS	PASS	unk	unk	unk	unk	unk	unk	ff	tt	ff	tt	unk	unk
corpus	boxed_i128__df	6fc8029f7831df5bf0172505bad15553f4d7d6d7c20bc93bda5ebe79493ce67d	2	rust::main::bb0	15	15	0	23	24	1	PASS	PASS	ff	ff	unk	unk	unk	unk	ff	tt	ff	tt	ff	ff
corpus	boxed_i128__ml	27b9874a434c823dbd33b6ed6b981bfc42731fb0a2ab1aa8b04dadf2175618b2	2	rust::main::bb0	10	10	0	13	20	1	PASS	PASS	ff	ff	ff	ff	unk	unk	ff	tt	ff	tt	ff	ff
corpus	boxed_i128__uaf	2682c964432d078d5d999c8e2b3d8519cbf39f3a515974770ba6d50250e583ea	2	rust::main::bb0	16	16	0	24	45	1	PASS	PASS	unk	unk	unk	unk	unk	unk	ff	tt	ff	tt	unk	unk
corpus	boxed_i16__df	adf464910b039fe3408f10b7b0606a6bf78af2e70c62bbb731d9a28046c0549a	2	rust::main::bb0	15	15	0	23	24	1	PASS	PASS	ff	ff	unk	unk	unk	unk	ff	tt	ff	tt	ff	ff
corpus	boxed_i16__ml	90df108745412d6d6de97991efc7b88c534298c0285568cacf55ed087059846f	2	rust::main::bb0	10	10	0	13	20	1	PASS	PASS	ff	ff	ff	ff	unk	unk	ff	tt	ff	tt	ff	ff
corpus	boxed_i16__uaf	7a54e66ea6b055bd9555f17d6266b2bb897d8c58f63eceb33eaa50118ec05cb9	2	rust::main::bb0	16	16	0	24	45	1	PASS	PASS	unk	unk	unk	unk	unk	unk	ff	tt	ff	tt	unk	unk
corpus	boxed_i32__df	06817eac4c1ae82f034a03b52cfad235974a39e803bd8b29efa39a5a3b0454de	2	rust::main::bb0	15	15	0	23	24	1	PASS	PASS	ff	ff	unk	unk	unk	unk	ff	tt	ff	tt	ff	ff
corpus	boxed_i32__ml	565a5d03e84a4d890decd5df49b45f06768f611025d96f301534f96769870c41	2	rust::main::bb0	10	10	0	13	20	1	PASS	PASS	ff	ff	ff	ff	unk	unk	ff	tt	ff	tt	ff	ff
corpus	boxed_i32__uaf	d6ddb34119e0c43814c26c1bac77759c4ec0231403e28479f0bd08a7eea7c7fe	2	rust::main::bb0	16	16	0	24	45	1	PASS	PASS	unk	unk	unk	unk	unk	unk	ff	tt	ff	tt	unk	unk
corpus	boxed_i64__df	d18e63223ea9a15024ea9a8ec33a6dc64e47a0a4415037ebfe0cc8e300117e99	2	rust::main::bb0	15	15	0	23	24	1	PASS	PASS	ff	ff	unk	unk	unk	unk	ff	tt	ff	tt	ff	ff
corpus	boxed_i64__ml	48b8369a3dde6242fefed6754f250a0af897d83815212ddf95bc51f9f2b061f9	2	rust::main::bb0	10	10	0	13	20	1	PASS	PASS	ff	ff	ff	ff	unk	unk	ff	tt	ff	tt	ff	ff
corpus	boxed_i64__uaf	d7b6dd816f918dceb5f51dd3f6a4b952581653d40766164884e267dbfabc6439	2	rust::main::bb0	16	16	0	24	45	1	PASS	PASS	unk	unk	unk	unk	unk	unk	ff	tt	ff	tt	unk	unk
corpus	boxed_i8__df	8bd6c78956259a99370c81e77ed785d486e165184bdb15c2772bd52f6eb7010c	2	rust::main::bb0	15	15	0	23	24	1	PASS	PASS	ff	ff	unk	unk	unk	unk	ff	tt	ff	tt	ff	ff
corpus	boxed_i8__ml	a668fec3c4107e865e6e78a11e1ad9ee59eb03c98875765ffbb17e49b6945ff1	2	rust::main::bb0	10	10	0	13	20	1	PASS	PASS	ff	ff	ff	ff	unk	unk	ff	tt	ff	tt	ff	ff
corpus	boxed_i8__uaf	7ce23d2810a9aba887bc50fee638ad819f22e9af9285992349a7a0475e013b0c	2	rust::main::bb0	15	15	0	23	35	1	PASS	PASS	unk	unk	unk	unk	unk	unk	ff	tt	ff	tt	unk	unk
corpus	boxed_isize__df	765809cf94d8f2dacb2f596b15ab346615255bcbe60677e3d17293652c073200	2	rust::main::bb0	15	15	0	23	24	1	PASS	PASS	ff	ff	unk	unk	unk	unk	ff	tt	ff	tt	ff	ff
corpus	boxed_isize__ml	fa56513e2486aeed9e4c19e0e9690b82ab5b3ea648eabda7b26f7dd7fa54dd1e	2	rust::main::bb0	10	10	0	13	20	1	PASS	PASS	ff	ff	ff	ff	unk	unk	ff	tt	ff	tt	ff	ff
corpus	boxed_isize__uaf	1c44ff44922b02a83afe54fbd6eed3acc75aad1d8ece6b1c85bf7f607f0a48c7	2	rust::main::bb0	16	16	0	24	45	1	PASS	PASS	unk	unk	unk	unk	unk	unk	ff	tt	ff	tt	unk	unk
corpus	boxed_u128__df	152cb4a751de482488bf0c2ede43798b3e97bf488e15f894c007cf60e8276d35	2	rust::main::bb0	15	15	0	23	24	1	PASS	PASS	ff	ff	unk	unk	unk	unk	ff	tt	ff	tt	ff	ff
corpus	boxed_u128__ml	01540d9a65f53bb671bfe7f2436520f9e3d8a5e70473bab3c8aed5cc2593cdd8	2	rust::main::bb0	10	10	0	13	20	1	PASS	PASS	ff	ff	ff	ff	unk	unk	ff	tt	ff	tt	ff	ff
corpus	boxed_u128__uaf	0b4cd07b8b61d617a28f2b380d34464e7f2d4e64b5dfba7086a9ea5550be4d29	2	rust::main::bb0	16	16	0	24	45	1	PASS	PASS	unk	unk	unk	unk	unk	unk	ff	tt	ff	tt	unk	unk
corpus	boxed_u16__df	dac093bc830d3d66de039e12dbb25abc229008e50e15d706af02f58e1faa3578	2	rust::main::bb0	15	15	0	23	24	1	PASS	PASS	ff	ff	unk	unk	unk	unk	ff	tt	ff	tt	ff	ff
corpus	boxed_u16__ml	22ad605e07ef29bd862265c0092e44752c02a3759dd8c2455c5bb3a5c1a3a963	2	rust::main::bb0	10	10	0	13	20	1	PASS	PASS	ff	ff	ff	ff	unk	unk	ff	tt	ff	tt	ff	ff
corpus	boxed_u16__uaf	6815b4d9f70fc66cd5ca3712b865f736d26fa49b513a5c2461a47b9166336eb3	2	rust::main::bb0	16	16	0	24	45	1	PASS	PASS	unk	unk	unk	unk	unk	unk	ff	tt	ff	tt	unk	unk
corpus	boxed_u32__df	c21991cee829af62042a5777db377ed36d85293b1c7b367b29082a7f61126d9f	2	rust::main::bb0	15	15	0	23	24	1	PASS	PASS	ff	ff	unk	unk	unk	unk	ff	tt	ff	tt	ff	ff
corpus	boxed_u32__ml	17f44c7cb8586bc48d8146ee2c5c6b6d8cf8f17331a7c424e576a2b76e2e2a2c	2	rust::main::bb0	10	10	0	13	20	1	PASS	PASS	ff	ff	ff	ff	unk	unk	ff	tt	ff	tt	ff	ff
corpus	boxed_u32__uaf	d6f0ca0ef63854c5432cdb4e823e08dfe924e6286162d697c925fe8dd09521e7	2	rust::main::bb0	16	16	0	24	45	1	PASS	PASS	unk	unk	unk	unk	unk	unk	ff	tt	ff	tt	unk	unk
corpus	boxed_u64__df	60e20a37cc42298908d847f47cd7bd174619e8e06285fc6f0de761e73dabd661	2	rust::main::bb0	15	15	0	23	24	1	PASS	PASS	ff	ff	unk	unk	unk	unk	ff	tt	ff	tt	ff	ff
corpus	boxed_u64__ml	63e8d4f170ed9903e7c6981a61cfc0afaf740e8d2068aad0f2c2db638d42ae21	2	rust::main::bb0	10	10	0	13	20	1	PASS	PASS	ff	ff	ff	ff	unk	unk	ff	tt	ff	tt	ff	ff
corpus	boxed_u64__uaf	6a12a028beabb527c7a9c81556068888aea6ab02df37a6f01d554c6d6189c354	2	rust::main::bb0	16	16	0	24	45	1	PASS	PASS	unk	unk	unk	unk	unk	unk	ff	tt	ff	tt	unk	unk
corpus	boxed_u8__df	73068570d74f3a2a9aaca4686a16f1daa957b709593b89acb6a21f32505aaea7	2	rust::main::bb0	15	15	0	23	24	1	PASS	PASS	ff	ff	unk	unk	unk	unk	ff	tt	ff	tt	ff	ff
corpus	boxed_u8__ml	abbf701a82f13aad31bf7f72b0ed95707fc9b0961b4305fd3696db6843478e3f	2	rust::main::bb0	10	10	0	13	20	1	PASS	PASS	ff	ff	ff	ff	unk	unk	ff	tt	ff	tt	ff	ff
corpus	boxed_u8__uaf	7cc74b31e17435eb6fc2b692ee180c0088a03ad199b52bc856ecfe7d21fd71f6	2	rust::main::bb0	15	15	0	23	35	1	PASS	PASS	unk	unk	unk	unk	unk	unk	ff	tt	ff	tt	unk	unk
corpus	boxed_usize__df	c8c72921538e42875e1fc486a5736eb5653ac53b026a75404e7a51618c6e042f	2	rust::main::bb0	15	15	0	23	22	1	PASS	PASS	ff	ff	unk	unk	unk	unk	ff	tt	ff	tt	ff	ff
corpus	boxed_usize__ml	7644cbb241973eaa2794ad720a75a5bd42ee05b40c1994f6c5f5e95844a97a74	2	rust::main::bb0	10	10	0	13	18	1	PASS	PASS	ff	ff	ff	ff	unk	unk	ff	tt	ff	tt	ff	ff
corpus	boxed_usize__uaf	06d44b1a3788d84245a3951840ba21ab9bff3335d56ea179b97c94c5eeebb049	2	rust::main::bb0	16	16	0	24	45	1	PASS	PASS	unk	unk	unk	unk	unk	unk	ff	tt	ff	tt	unk	unk
corpus	branch_df_mem_leak_ffi	6180eab19cc73dff4ccc419ee366507934ebcd89d5796d75774be1eb14aaded3	2	rust::main::bb0	47	47	0	51	66	2	PASS	PASS	unk	unk	unk	unk	unk	unk	ff	tt	unk	tt	unk	unk
corpus	c-callback-rust-closure	091e3a301a52c834fbab1d74a8a25a1b936ab43df21cf89814eee2dc93b386c4	2	rust::main::bb0	99	91	8	108	64	2	PASS	FAIL	ff	ff	ff	ff	unk	unk	ff	tt	ff	tt	ff	ff
corpus	c_calloc_leak_ml	b148d372e92e29833a134eaa0ac8cdbefa561fbae6cecbcafb45c6cc10701d3c	2	rust::main::bb0	14	14	0	14	21	1	PASS	PASS	ff	ff	ff	ff	unk	unk	ff	tt	ff	tt	ff	ff
corpus	c_malloc_c_double_free_df	0cee4849fc9846da7e647ff36af5ccd17c0c97c639212e8168f0c6e672c0f016	2	rust::main::bb0	45	45	0	46	47	1	PASS	PASS	ff	ff	unk	unk	unk	unk	ff	ff	ff	tt	unk	unk
corpus	c_malloc_c_free_clean	3f338783518325cac6ec738baf6bdd49a0784840996d15a707d5ea33eb6a61b1	2	rust::main::bb0	37	37	0	38	47	1	PASS	PASS	ff	ff	ff	ff	unk	unk	ff	tt	ff	tt	ff	ff
corpus	c_malloc_c_free_then_rust_use_uaf	7765b75cb43e86c33ef4db0fe5c824ce10daae868437b8da949fb23abeada3ef	2	rust::main::bb0	35	35	0	36	39	1	PASS	PASS	ff	ff	ff	ff	unk	unk	ff	tt	ff	tt	unk	unk
corpus	c_malloc_cstr_borrow_c_free_clean	27fdcc7630b6dc2e5b872ca45863f7ced60e90c805f9d45209dbb71b962d0683	2	rust::main::bb0	50	50	0	53	61	1	PASS	PASS	ff	ff	ff	ff	unk	unk	ff	tt	ff	tt	ff	ff
corpus	c_malloc_leak_ml	8e837fddc03f24ad1b855d9779e798931b897164c6678efa2649d2a6510164cf	2	rust::main::bb0	26	26	0	27	36	1	PASS	PASS	ff	ff	ff	ff	unk	unk	ff	tt	ff	tt	ff	ff
corpus	c_malloc_rust_box_from_raw_ub	158d06d3669e8069d8b4177350349bad72d22caffc44c143d7739a9570498453	2	rust::main::bb0	31	31	0	34	40	1	PASS	PASS	unk	unk	ff	ff	unk	unk	ff	tt	unk	tt	ff	ff
corpus	c_malloc_rust_cstring_from_raw_ub	8dffefca23ca7fe041b811a36bc1d2d6f27b9b1c43c4d3d76bd570f3d8332822	2	rust::main::bb0	39	39	0	42	48	1	PASS	PASS	unk	unk	ff	ff	unk	unk	ff	tt	unk	tt	ff	ff
corpus	c_malloc_rust_double_free_df	8d7cf5691e6f4865d460e5bca6df6bf299af292c9b8a4b181478bdb80970300a	2	rust::main::bb0	27	27	0	28	31	1	PASS	PASS	ff	ff	unk	unk	unk	unk	ff	ff	ff	tt	ff	ff
corpus	c_malloc_rust_free_clean	16afd0d869c576a21c7beebc7b0a43ca2597222f9d3f0008cebae3fbe6dd7a46	2	rust::main::bb0	28	28	0	29	39	1	PASS	PASS	ff	ff	ff	ff	unk	unk	ff	tt	ff	tt	ff	ff
corpus	c_malloc_rust_free_then_use_uaf	54e5666a849447a2707c677c5a379938e44a2a4fd0b7c0f89e436b513b0bd0f7	2	rust::main::bb0	26	26	0	27	31	1	PASS	PASS	ff	ff	ff	ff	unk	unk	ff	tt	ff	tt	unk	unk
corpus	c_malloc_rust_std_dealloc_ub	ab1d0c558d85572df43c4497198df4735fa76d406389e3344e1fd077e0662af0	2	rust::main::bb0	13	13	0	13	14	1	PASS	PASS	unk	unk	ff	ff	unk	unk	ff	tt	ff	tt	ff	ff
corpus	c_malloc_rust_string_from_raw_parts_ub	91078ea57eed538d550a756a523d0c1917328285c522fb0d963b22704964d165	2	rust::main::bb0	43	43	0	46	59	1	PASS	PASS	unk	unk	ff	ff	unk	unk	ff	tt	unk	tt	ff	ff
corpus	c_malloc_rust_vec_from_raw_parts_ub	09aa459d46f886c8b4906246861c5372d9908c1d6be30b2364af765a30a38a30	2	rust::main::bb0	38	38	0	41	52	1	PASS	PASS	unk	unk	ff	ff	unk	unk	ff	tt	unk	tt	ff	ff
corpus	c_static_cstr_borrow_clean	3c67d0abf7372d0f9f278aae6995006479ecb1c606d90908e9fa85b1839e48b8	2	rust::main::bb0	17	17	0	19	18	0	PASS	PASS	ff	ff	ff	ff	ff	ff	ff	tt	ff	tt	ff	ff
corpus	clean_cstring_no_errors_only_rust	4d69eb2a963fbbbb26bf3a62df985dea322f4019b95751f54aae2a0b0a7cc129	2	rust::main::bb0	6	6	0	5	9	1	PASS	PASS	unk	unk	ff	ff	unk	unk	ff	ff	ff	tt	ff	ff
corpus	clean_into_from_raw	2c66df95f40fe4f39735f386d29e35938779fad111fd11e17691382a244d89db	2	rust::main::bb0	22	22	0	35	58	1	PASS	PASS	ff	ff	ff	ff	unk	unk	tt	tt	ff	tt	ff	ff
corpus	clean_mul_fn_ffi_no_errors	556201f930fcffe052ff2423949a61c18f960162ac97bb880b377346e4976e4b	2	rust::main::bb0	45	45	0	51	63	2	PASS	PASS	unk	unk	ff	ff	unk	unk	ff	tt	unk	tt	ff	ff
corpus	clean_struct_point_mem_leak_into_raw_no_errors	1c47b82493d8da59a4ed36652cee33ebf936c7f753b1391bfd3b47d9c44a44d3	2	rust::main::bb0	35	35	0	55	59	2	PASS	PASS	ff	ff	unk	unk	unk	unk	ff	tt	ff	tt	ff	ff
corpus	closure_df	0043b823f49dc966e030e95e5d422016429f1bffd83fbc71c5b3cc3ad4892b89	2	rust::main::bb0	11	11	0	10	22	1	PASS	PASS	unk	unk	unk	unk	unk	unk	ff	tt	ff	tt	unk	unk
corpus	concurrent-verification	9a7a6c4b387b0a0a622a7fab7f30b52f3f7cd0caef04ee217d35935699e516fd	2	rust::main::bb0	107	104	3	136	91	4	PASS	FAIL	ff	ff	ff	ff	unk	unk	ff	tt	ff	tt	ff	ff
corpus	cstr_cargo_df_ffi	f7c4be6b0387744158cd138cb580da1b659442d0b9c9a4dc8ced4e699847ed6c	2	rust::main::bb0	28	28	0	29	37	1	PASS	PASS	unk	unk	unk	unk	unk	unk	ff	tt	unk	tt	unk	unk
corpus	cstr_expect_uaf_and_ub_ffi	0f0c9e2693f17e669ca58833bae487f573f37dd391a6adc804b34ef097997c7e	2	rust::main::bb0	29	29	0	30	45	1	PASS	PASS	unk	unk	ff	ff	unk	unk	ff	tt	ff	tt	unk	unk
corpus	cstring_df_only_rust	462714d30e90297d0f6dc8f6fe9b3d5238cb144b520e31303d9f4b2ac593f038	2	rust::main::bb0	8	8	0	7	11	1	PASS	PASS	unk	unk	unk	unk	unk	unk	ff	ff	unk	tt	unk	unk
corpus	cstringcargo_df_ffi	5d14c5a6eb799d0cce1a992bd74db5dbb71f3262719bb1dc01806fdf89a1b724	2	rust::main::bb0	34	34	0	40	46	1	PASS	PASS	unk	unk	unk	unk	unk	unk	ff	tt	unk	tt	unk	unk
corpus	cstringcargo_enum_df_only_rust	0145e8349f6511d9647db527362c5fd84109ba43d4e16e9c678dbc4dde029f92	2	rust::main::bb0	34	34	0	55	87	2	PASS	PASS	unk	unk	unk	unk	unk	unk	ff	tt	unk	tt	unk	unk
corpus	df_rand_cargo_c_ffi	92a2237710a972fedc001542f1241d3f7e057484d1041e9da33e6e1dd97c55bc	2	rust::main::bb0	35	35	0	36	55	1	PASS	PASS	unk	unk	unk	unk	unk	unk	ff	tt	ff	tt	ff	ff
corpus	drop_raw_ptr_no_free	4128fbc987b05344d94cfeffdcb4a3016d7d83ff1b041d6f930f9635e0dc96d5	2	rust::main::bb0	7	7	0	6	16	1	PASS	PASS	ff	ff	ff	ff	unk	unk	ff	tt	ff	tt	ff	ff
corpus	explicit_drop_df_only_rust	482fc0aeadd7b445135ee5ef4038d6549e49094fe295f7b3c41f392602f5b4af	2	rust::main::bb0	7	7	0	6	10	1	PASS	PASS	unk	unk	unk	unk	unk	unk	ff	ff	ff	tt	ff	ff
corpus	for_df_ffi	81caa971f0e7df80119a9db3d65045a0e003e89a3b1bc1c18dbef1458e68a0a1	2	rust::main::bb0	31	31	0	37	56	2	PASS	PASS	unk	unk	unk	unk	unk	unk	ff	tt	unk	tt	unk	unk
corpus	for_memory_leak_ffi	3303d19eddcc34139276f0d4354c5ca4468f57cbc775037d0df90fd9987270f2	2	rust::main::bb0	26	26	0	30	51	2	PASS	PASS	ff	ff	ff	ff	unk	unk	ff	tt	ff	tt	ff	ff
corpus	lock-free	89ec35174e29b003c7ce50bc879188d493b98fd0dbdcbf705fef2dd42e8e9ae7	2	rust::LockFreeStack::<T>::push::bb0	84	75	9	93	47	1	PASS	FAIL	ff	ff	ff	ff	unk	unk	tt	tt	ff	tt	ff	ff
corpus	lock_free_non_blocking_linked_list	148daf0977818676c8bc6f3b1ce53d62ee04cffbba180c0d258edaa534586119	2	rust::main::bb0	100	92	8	136	77	4	PASS	FAIL	ff	ff	ff	ff	unk	unk	ff	tt	ff	tt	ff	ff
corpus	napkin-math-test	9f7bccfb4d7e9f4e291593596a7aa0a0f62dc51616bd77ebe9598d34539b1cb0	2	rust::main::bb0	53	53	0	62	63	1	PASS	PASS	ff	ff	ff	ff	unk	unk	tt	tt	ff	tt	ff	ff
corpus	noGenerator	39410efc9edacac62b52b2dd7bbc5544f85462fb5f490b136aa3cc9fec81af68	2	rust::main::bb0	36	36	0	43	62	2	PASS	PASS	ff	ff	ff	ff	unk	unk	ff	tt	ff	tt	ff	ff
corpus	rc-playground	5d0a15cb9d3dc720a60f0a52578babbde77558648a35d3bf77710119c3ea0958	2	rust::main::bb0	152	137	15	181	121	1	PASS	FAIL	ff	ff	ff	ff	unk	unk	tt	tt	ff	tt	ff	ff
corpus	rusant	6683ae4965eb48fd191de8926bcb921764dbf6531f4954c108d49bc473173870	2	rust::main::bb0	30	30	0	43	38	2	PASS	PASS	unk	unk	ff	ff	unk	unk	ff	tt	unk	tt	ff	ff
corpus	rust-boks	6656adf5a3480fbdea7071cb2af3a710dcf3ac5e178240ad46726a0979139381	2	rust::main::bb0	81	72	9	123	107	7	PASS	FAIL	ff	ff	unk	unk	unk	unk	ff	tt	ff	tt	ff	ff
corpus	rust_box_direct_c_free_ub	45828dcb16f47601b308b5f53d9838342b5f283956f03cd5bf588c73ed0d6b6d	2	rust::main::bb0	5	5	0	4	7	1	PASS	PASS	unk	unk	ff	ff	unk	unk	ff	ff	ff	tt	ff	ff
corpus	rust_hw3	bf171ce4aeb8e3e93e212ab528af6633cec55d45ed4b8b7eccce817659bea321	2	rust::main::bb0	143	124	19	207	177	1	PASS	FAIL	ff	ff	ff	ff	unk	unk	tt	tt	ff	tt	ff	ff
corpus	rust_memory	0fe1dd43403416883bb9c098e33f95e666264709f90a5e31cf4323b682d2ec8a	2	rust::main::bb0	62	57	5	98	123	1	PASS	FAIL	ff	ff	ff	ff	unk	unk	tt	tt	ff	tt	ff	ff
corpus	shared-register	f62fedc227335d13cffc9e526d3b09cc4f2ab46328d8d3590abab529fbcd84e1	2	rust::main::bb0	292	286	6	490	238	4	PASS	FAIL	ff	ff	ff	ff	unk	unk	tt	tt	ff	tt	ff	ff
corpus	skip-list-test	f9553af7c09545fe1310bee88358bd59040dc8ba4554f5ea69e201a97590edd8	2	rust::main::bb0	170	170	0	193	340	14	PASS	PASS	ff	ff	unk	unk	unk	unk	ff	tt	ff	tt	unk	unk
corpus	square	957a24ab035822e9f017249e67e73ef363d97010dc57a80b4e1513db735897f4	2	rust::main::bb0	7234	1	7233	11740	736	0	PASS	FAIL	ff	ff	ff	ff	ff	ff	ff	ff	ff	tt	ff	ff
corpus	stackswap-coroutines	18343e61817651cb324fe01486104a9e9b88bde478552002a220be3b9ea0c382	2	rust::main::bb0	316	1	315	341	85	0	PASS	FAIL	ff	ff	ff	ff	ff	ff	ff	ff	ff	tt	ff	ff
corpus	std_mem_forget_mem_leak_rust	0581b0e95a1e205ccf84c940e16373682c662a371c011946fe10bea04f065fd8	2	rust::main::bb0	5	5	0	4	8	1	PASS	PASS	ff	ff	ff	ff	unk	unk	ff	tt	ff	tt	ff	ff
corpus	struct_point_df_only_rust	508ce491740bed023e0f0ed24d3f896b7bae4d9581bb6a9d8b1e639746fb119f	2	rust::main::bb0	37	37	0	59	61	2	PASS	PASS	ff	ff	unk	unk	unk	unk	ff	tt	ff	tt	ff	ff
corpus	struct_point_mem_leak	52b0d15cc7e54614ddd4c1a68c9cf335c2746d42a7df73907a024f1685aec78c	2	rust::main::bb0	31	30	1	43	69	2	PASS	FAIL	ff	ff	unk	unk	unk	unk	ff	tt	ff	tt	ff	ff
corpus	uaf_mem_leak_ffi	58b52d20a727e18f9a4e3152118b020526fa4a99f94e5f2e48b6244cd3e427c6	2	rust::main::bb0	36	33	3	34	70	2	PASS	FAIL	unk	unk	ff	ff	unk	unk	ff	tt	ff	tt	unk	unk
corpus	uaf_read_ptr	3ea3b7f7e343ca00b60478360d08dedabdad8000de4040779d9ab9f4b82608b8	2	rust::main::bb0	10	10	0	9	24	1	PASS	PASS	ff	ff	ff	ff	unk	unk	ff	tt	ff	tt	unk	unk
corpus	unsafely-created-owned-type	b426b87732816a2ea144b42ea23bc100aeb309e24303a5ffe8cb62fa4c64cb5c	2	rust::main::bb0	47	37	10	45	29	1	PASS	FAIL	unk	unk	ff	ff	unk	unk	ff	tt	unk	tt	ff	ff
corpus	unsized_struct	f94ca1f04eea080ccc0690d6ef9a745ea4affa0be48428bdc717822a02640294	2	rust::main::bb0	66	32	34	56	37	0	PASS	FAIL	ff	ff	ff	ff	ff	ff	tt	tt	ff	tt	ff	ff
corpus	vuln_only_mem_leak_but_df_branch_overapprox_FFI	6180eab19cc73dff4ccc419ee366507934ebcd89d5796d75774be1eb14aaded3	2	rust::main::bb0	47	47	0	51	66	2	PASS	PASS	unk	unk	unk	unk	unk	unk	ff	tt	unk	tt	unk	unk
corpus	warning_ub_bool	199cd598b2af257b199a5e5570b0870f8dfc10c6f6970765efa39498ccc4db0c	2	rust::main::bb0	17	17	0	17	19	1	PASS	PASS	unk	unk	ff	ff	unk	unk	ff	tt	ff	tt	ff	ff
corpus	warning_ub_int	f16da4b736ac3aede0769f7ed270596bff61a0c0f6a115696d17fa460a6b806d	2	rust::main::bb0	18	18	0	17	22	1	PASS	PASS	unk	unk	ff	ff	unk	unk	ff	ff	ff	tt	ff	ff
corpus	warning_ub_mult	ff8003a33894af021b5f7a3321e9f0e57ffed4d155cbeeb695884203eb0721d4	2	rust::main::bb0	51	51	0	52	62	3	PASS	PASS	unk	unk	ff	ff	unk	unk	ff	tt	ff	tt	ff	ff
corpus	warning_ub_string	8010520e9a32f8d358c6a677e96b88e7ca951d474c864d0ba3bc3c62cf25b510	2	rust::main::bb0	17	17	0	17	19	1	PASS	PASS	unk	unk	ff	ff	unk	unk	ff	tt	ff	tt	ff	ff
corpus	wasm-demo	e3f3ec4a3613bcebbfa4a68b728915a5ece15089a49e22840f83c8aabdb86071	2	rust::demo_new_state::bb0	16	3	13	12	7	1	PASS	FAIL	ff	ff	ff	ff	unk	unk	ff	tt	ff	tt	ff	ff
corpus	whisper-rs-example	39e4ca9d33ad3135c2122cce706ffc4dcf5837e64317e6b827ec2c5a181166b6	2	rust::main::bb0	92	78	14	143	82	1	PASS	FAIL	ff	ff	ff	ff	unk	unk	ff	tt	ff	tt	ff	ff
registry	memchr-2.7.4	3e463ac797d28cce479fa4f73a2d36bca930ae4a0563ef83529ead1a2b72ca4f	2	rust::memchr::memchr::bb0	4441	142	4299	4976	159	0	PASS	FAIL	ff	ff	ff	ff	ff	ff	tt	tt	ff	tt	ff	ff
registry	ryu-1.0.20	dcb8487f12e0174a37830d7104f0119bc64c744dc49834fa8873f6de8d1a4297	2	rust::pretty::format32::bb0	1054	951	103	1208	274	0	PASS	FAIL	ff	ff	ff	ff	ff	ff	tt	tt	ff	tt	ff	ff
registry	unicode-ident-1.0.18	c13a64aa3914c0d91cc36d960b4ed18278f16f79cd4b901a4fd955a0bb486e37	2	rust::is_xid_start::bb0	36	18	18	36	50	0	PASS	FAIL	ff	ff	ff	ff	ff	ff	tt	tt	ff	tt	ff	ff
