group	target	allocator_mismatch_ub	allocator_mismatch_ub_v2	double_free_alloc	double_free_alloc_state	leak_alloc	leak_alloc_state	mir_rvalue_presence	mir_statement_presence	mir_structural_allocator_example	mir_terminator_presence	use_after_free_alloc	use_after_free_alloc_state
corpus	boxed_bool__df	ff	ff	unk	unk	unk	unk	ff	tt	ff	tt	ff	ff
corpus	boxed_bool__ml	ff	ff	ff	ff	unk	unk	ff	tt	ff	tt	ff	ff
corpus	boxed_bool__uaf	ff	ff	unk	unk	unk	unk	ff	tt	ff	tt	unk	unk
corpus	boxed_char__df	ff	ff	unk	unk	unk	unk	ff	tt	ff	tt	ff	ff
corpus	boxed_char__ml	ff	ff	ff	ff	unk	unk	ff	tt	ff	tt	ff	ff
corpus	boxed_char__uaf	ff	ff	unk	unk	unk	unk	ff	tt	ff	tt	unk	unk
corpus	boxed_f32__df	ff	ff	unk	unk	unk	unk	ff	tt	ff	tt	ff	ff
corpus	boxed_f32__ml	ff	ff	ff	ff	unk	unk	ff	tt	ff	tt	ff	ff
corpus	boxed_f32__uaf	ff	ff	unk	unk	unk	unk	ff	tt	ff	tt	unk	unk
corpus	boxed_f64__df	ff	ff	unk	unk	unk	unk	ff	tt	ff	tt	ff	ff
corpus	boxed_f64__ml	ff	ff	ff	ff	unk	unk	ff	tt	ff	tt	ff	ff
corpus	boxed_f64__uaf	ff	ff	unk	unk	unk	unk	ff	tt	ff	tt	unk	unk
corpus	boxed_i128__df	ff	ff	unk	unk	unk	unk	ff	tt	ff	tt	ff	ff
corpus	boxed_i128__ml	ff	ff	ff	ff	unk	unk	ff	tt	ff	tt	ff	ff
corpus	boxed_i128__uaf	ff	ff	unk	unk	unk	unk	ff	tt	ff	tt	unk	unk
corpus	boxed_i16__df	ff	ff	unk	unk	unk	unk	ff	tt	ff	tt	ff	ff
corpus	boxed_i16__ml	ff	ff	ff	ff	unk	unk	ff	tt	ff	tt	ff	ff
corpus	boxed_i16__uaf	ff	ff	unk	unk	unk	unk	ff	tt	ff	tt	unk	unk
corpus	boxed_i32__df	ff	ff	unk	unk	unk	unk	ff	tt	ff	tt	ff	ff
corpus	boxed_i32__ml	ff	ff	ff	ff	unk	unk	ff	tt	ff	tt	ff	ff
corpus	boxed_i32__uaf	ff	ff	unk	unk	unk	unk	ff	tt	ff	tt	unk	unk
corpus	boxed_i64__df	ff	ff	unk	unk	unk	unk	ff	tt	ff	tt	ff	ff
corpus	boxed_i64__ml	ff	ff	ff	ff	unk	unk	ff	tt	ff	tt	ff	ff
corpus	boxed_i64__uaf	ff	ff	unk	unk	unk	unk	ff	tt	ff	tt	unk	unk
corpus	boxed_i8__df	ff	ff	unk	unk	unk	unk	ff	tt	ff	tt	ff	ff
corpus	boxed_i8__ml	ff	ff	ff	ff	unk	unk	ff	tt	ff	tt	ff	ff
corpus	boxed_i8__uaf	ff	ff	unk	unk	unk	unk	ff	tt	ff	tt	unk	unk
corpus	boxed_isize__df	ff	ff	unk	unk	unk	unk	ff	tt	ff	tt	ff	ff
corpus	boxed_isize__ml	ff	ff	ff	ff	unk	unk	ff	tt	ff	tt	ff	ff
corpus	boxed_isize__uaf	ff	ff	unk	unk	unk	unk	ff	tt	ff	tt	unk	unk
corpus	boxed_u128__df	ff	ff	unk	unk	unk	unk	ff	tt	ff	tt	ff	ff
corpus	boxed_u128__ml	ff	ff	ff	ff	unk	unk	ff	tt	ff	tt	ff	ff
corpus	boxed_u128__uaf	ff	ff	unk	unk	unk	unk	ff	tt	ff	tt	unk	unk
corpus	boxed_u16__df	ff	ff	unk	unk	unk	unk	ff	tt	ff	tt	ff	ff
corpus	boxed_u16__ml	ff	ff	ff	ff	unk	unk	ff	tt	ff	tt	ff	ff
corpus	boxed_u16__uaf	ff	ff	unk	unk	unk	unk	ff	tt	ff	tt	unk	unk
corpus	boxed_u32__df	ff	ff	unk	unk	unk	unk	ff	tt	ff	tt	ff	ff
corpus	boxed_u32__ml	ff	ff	ff	ff	unk	unk	ff	tt	ff	tt	ff	ff
corpus	boxed_u32__uaf	ff	ff	unk	unk	unk	unk	ff	tt	ff	tt	unk	unk
corpus	boxed_u64__df	ff	ff	unk	unk	unk	unk	ff	tt	ff	tt	ff	ff
corpus	boxed_u64__ml	ff	ff	ff	ff	unk	unk	ff	tt	ff	tt	ff	ff
corpus	boxed_u64__uaf	ff	ff	unk	unk	unk	unk	ff	tt	ff	tt	unk	unk
corpus	boxed_u8__df	ff	ff	unk	unk	unk	unk	ff	tt	ff	tt	ff	ff
corpus	boxed_u8__ml	ff	ff	ff	ff	unk	unk	ff	tt	ff	tt	ff	ff
corpus	boxed_u8__uaf	ff	ff	unk	unk	unk	unk	ff	tt	ff	tt	unk	unk
corpus	boxed_usize__df	ff	ff	unk	unk	unk	unk	ff	tt	ff	tt	ff	ff
corpus	boxed_usize__ml	ff	ff	ff	ff	unk	unk	ff	tt	ff	tt	ff	ff
corpus	boxed_usize__uaf	ff	ff	unk	unk	unk	unk	ff	tt	ff	tt	unk	unk
corpus	branch_df_mem_leak_ffi	unk	unk	unk	unk	unk	unk	ff	tt	ff	tt	unk	unk
corpus	c-callback-rust-closure	ff	ff	ff	ff	unk	unk	ff	tt	ff	tt	ff	ff
corpus	c_calloc_leak_ml	ff	ff	ff	ff	unk	unk	ff	tt	ff	tt	ff	ff
corpus	clean_alloc_read_and_drop	ff	ff	unk	unk	unk	unk	ff	tt	ff	tt	ff	ff
corpus	clean_cstring_no_errors_only_rust	unk	unk	ff	ff	unk	unk	ff	ff	ff	tt	ff	ff
corpus	clean_into_from_raw	ff	ff	ff	ff	unk	unk	tt	tt	ff	tt	ff	ff
corpus	clean_mul_fn_ffi_no_errors	ff	ff	ff	ff	unk	unk	ff	tt	ff	tt	ff	ff
corpus	clean_struct_point_mem_leak_into_raw_no_errors	ff	ff	unk	unk	unk	unk	ff	tt	ff	tt	ff	ff
corpus	closure_df	ff	ff	unk	unk	unk	unk	ff	tt	ff	tt	unk	unk
corpus	c_malloc_c_double_free_df	ff	ff	unk	unk	unk	unk	ff	ff	ff	tt	unk	unk
corpus	c_malloc_c_free_clean	ff	ff	ff	ff	unk	unk	ff	tt	ff	tt	ff	ff
corpus	c_malloc_c_free_then_rust_use_uaf	ff	ff	ff	ff	unk	unk	ff	tt	ff	tt	unk	unk
corpus	c_malloc_cstr_borrow_c_free_clean	ff	ff	ff	ff	unk	unk	ff	tt	ff	tt	ff	ff
corpus	c_malloc_leak_ml	ff	ff	ff	ff	unk	unk	ff	tt	ff	tt	ff	ff
corpus	c_malloc_rust_box_from_raw_ub	unk	unk	ff	ff	unk	unk	ff	tt	unk	tt	ff	ff
corpus	c_malloc_rust_cstring_from_raw_ub	unk	unk	ff	ff	unk	unk	ff	tt	unk	tt	ff	ff
corpus	c_malloc_rust_double_free_df	ff	ff	unk	unk	unk	unk	ff	ff	ff	tt	ff	ff
corpus	c_malloc_rust_free_clean	ff	ff	ff	ff	unk	unk	ff	tt	ff	tt	ff	ff
corpus	c_malloc_rust_free_then_use_uaf	ff	ff	ff	ff	unk	unk	ff	tt	ff	tt	unk	unk
corpus	c_malloc_rust_std_dealloc_ub	unk	unk	ff	ff	unk	unk	ff	tt	ff	tt	ff	ff
corpus	c_malloc_rust_string_from_raw_parts_ub	unk	unk	ff	ff	unk	unk	ff	tt	unk	tt	ff	ff
corpus	c_malloc_rust_vec_from_raw_parts_ub	unk	unk	ff	ff	unk	unk	ff	tt	unk	tt	ff	ff
corpus	concurrent-verification	ff	ff	ff	ff	unk	unk	ff	tt	ff	tt	ff	ff
corpus	c_static_cstr_borrow_clean	ff	ff	ff	ff	ff	ff	ff	tt	ff	tt	ff	ff
corpus	cstr_cargo_df_ffi	unk	unk	unk	unk	unk	unk	ff	tt	ff	tt	unk	unk
corpus	cstr_expect_uaf_and_ub_ffi	unk	unk	ff	ff	unk	unk	ff	tt	ff	tt	unk	unk
corpus	cstringcargo_df_ffi	unk	unk	unk	unk	unk	unk	ff	tt	ff	tt	unk	unk
corpus	cstringcargo_enum_df_only_rust	unk	unk	unk	unk	unk	unk	ff	tt	unk	tt	unk	unk
corpus	cstring_df_only_rust	unk	unk	unk	unk	unk	unk	ff	ff	ff	tt	unk	unk
corpus	df_rand_cargo_c_ffi	unk	unk	unk	unk	unk	unk	ff	tt	ff	tt	ff	ff
corpus	drop_raw_ptr_no_free	ff	ff	ff	ff	unk	unk	ff	tt	ff	tt	ff	ff
corpus	explicit_drop_df_only_rust	ff	ff	unk	unk	unk	unk	ff	ff	ff	tt	ff	ff
corpus	for_df_ffi	unk	unk	unk	unk	unk	unk	ff	tt	ff	tt	unk	unk
corpus	for_memory_leak_ffi	ff	ff	ff	ff	unk	unk	ff	tt	ff	tt	ff	ff
corpus	lock-free	ff	ff	ff	ff	unk	unk	tt	tt	ff	tt	ff	ff
corpus	lock_free_non_blocking_linked_list	ff	ff	ff	ff	unk	unk	ff	tt	ff	tt	ff	ff
corpus	napkin-math-test	ff	ff	ff	ff	unk	unk	tt	tt	ff	tt	ff	ff
corpus	noGenerator	ff	ff	ff	ff	unk	unk	ff	tt	ff	tt	ff	ff
corpus	rc-playground	ff	ff	ff	ff	unk	unk	tt	tt	ff	tt	ff	ff
corpus	rusant	ff	ff	ff	ff	unk	unk	ff	tt	ff	tt	ff	ff
corpus	rust-boks	ff	ff	unk	unk	unk	unk	ff	tt	ff	tt	ff	ff
corpus	rust_box_direct_c_free_ub	unk	unk	ff	ff	unk	unk	ff	ff	ff	tt	ff	ff
corpus	rust_hw3	ff	ff	ff	ff	unk	unk	tt	tt	ff	tt	ff	ff
corpus	rust_memory	ff	ff	ff	ff	unk	unk	tt	tt	ff	tt	ff	ff
corpus	shared-register	ff	ff	ff	ff	unk	unk	tt	tt	ff	tt	ff	ff
corpus	skip-list-test	ff	ff	ff	ff	unk	unk	ff	tt	ff	tt	ff	ff
corpus	square	ff	ff	ff	ff	ff	ff	ff	ff	ff	tt	ff	ff
corpus	stackswap-coroutines	ff	ff	ff	ff	ff	ff	ff	ff	ff	tt	ff	ff
corpus	std_mem_forget_mem_leak_rust	ff	ff	ff	ff	unk	unk	ff	tt	ff	tt	ff	ff
corpus	struct_point_df_only_rust	ff	ff	unk	unk	unk	unk	ff	tt	ff	tt	ff	ff
corpus	struct_point_mem_leak	ff	ff	unk	unk	unk	unk	ff	tt	ff	tt	ff	ff
corpus	uaf-df-mail-lillo	unk	unk	unk	unk	unk	unk	ff	tt	ff	tt	unk	unk
corpus	uaf_mem_leak_ffi	unk	unk	ff	ff	unk	unk	ff	tt	ff	tt	unk	unk
corpus	uaf_read_ptr	ff	ff	ff	ff	unk	unk	ff	tt	ff	tt	unk	unk
corpus	unsafely-created-owned-type	ff	ff	ff	ff	unk	unk	ff	tt	ff	tt	ff	ff
corpus	unsized_struct	ff	ff	ff	ff	ff	ff	tt	tt	ff	tt	ff	ff
corpus	vuln_only_mem_leak_but_df_branch_overapprox_FFI	unk	unk	unk	unk	unk	unk	ff	tt	ff	tt	unk	unk
corpus	warning_ub_bool	unk	unk	ff	ff	unk	unk	ff	tt	ff	tt	ff	ff
corpus	warning_ub_int	unk	unk	ff	ff	unk	unk	ff	ff	ff	tt	ff	ff
corpus	warning_ub_mult	unk	unk	ff	ff	unk	unk	ff	tt	ff	tt	ff	ff
corpus	warning_ub_string	unk	unk	ff	ff	unk	unk	ff	tt	ff	tt	ff	ff
corpus	wasm-demo	ff	ff	ff	ff	unk	unk	ff	tt	ff	tt	ff	ff
corpus	whisper-rs-example	ff	ff	ff	ff	unk	unk	ff	tt	ff	tt	ff	ff
experimental	bmulti_clean_two_args_ffi	ff	ff	ff	ff	unk	unk	ff	ff	ff	tt	ff	ff
experimental	bmulti_df_second_ffi	ff	ff	ff	ff	unk	unk	ff	ff	ff	tt	ff	ff
experimental	bmulti_leak_second_ffi	unk	unk	ff	ff	unk	unk	ff	ff	ff	tt	ff	ff
experimental	bmulti_uaf_second_ffi	ff	ff	ff	ff	unk	unk	ff	tt	ff	tt	ff	ff
registry	unicode-ident-1.0.18	ff	ff	ff	ff	ff	ff	tt	tt	ff	tt	ff	ff
registry	ryu-1.0.20	ff	ff	ff	ff	ff	ff	tt	tt	ff	tt	ff	ff
registry	memchr-2.7.4	ff	ff	ff	ff	ff	ff	tt	tt	ff	tt	ff	ff
